ID,Powiat,Województwo,Powierzchnia ha,Powierzchnia km^2,Ludność,Ludność na km^2,Pożary SUMA,Małe pożary,Średnie pożary,Duże pożary,Bardzo duże pożary,Zagrożenia SUMA,Małe zagrożenia,Lokalne zagrożenia,Średnie zagrożenia,Duże zagrożenia,Gigantyczne/klęski żywiołowe,Fałszywe alarmy SUMA,Złośliwe alarmy,W dobrej wierze,Z urządzeń,Do 30 min.,31-60 min.,61-120 min.,121-240 min.,241-720 min.,do 1 dnia,powyżej 1 dnia,Ofiary śmiertelne SUMA,Ranni SUMA,Ofiary śmiertelne (ratownicy) [pożary],Ranni ratownicy [pożary],Ofiary śmiertelne strażacy [pożary],Ranni strażacy [pożary],Ofiary śmiertelne (inne osoby) [pożary],Ranni (inne osoby) [pożary],Ofiary śmiertelne (dzieci) [pożary],Ranni (dzieci) [pożary],Ofiary śmiertelne (ratownicy) [zagrożenia],Ranni ratownicy [zagrożenia],Ofiary śmiertelne strażacy [zagrożenia],Ranni strażacy [zagrożenia],Ofiary śmiertelne (inne osoby) [zagrożenia],Ranni (inne osoby) [zagrożenia],Ofiary śmiertelne (dzieci) [zagrożenia],Ranni (dzieci) [zagrożenia],Silne wiatry,Przybory wód,Opady śniegu,Opady deszczu,Chemiczne,Ekologiczne,Radiologiczne,Budowlane,Infrastruktury komunalnej,W transporcie drogowym,W transporcie kolejowym,W transporcie lotniczym,Na obszarach wodnych,Medyczne
203,aleksandrowski,kujawsko-pomorskie,47463,475,55337,117,198,186,11,1,0,372,43,320,8,1,0,43,1,38,4,148,225,128,55,13,1,0,13,108,0,1,0,1,0,3,0,0,0,1,0,1,13,103,0,7,99,0,2,3,4,0,0,12,6,101,0,0,8,41
1741,augustowski,podlaskie,165939,1659,58669,35,242,211,29,2,0,471,59,394,18,0,0,83,3,22,58,184,265,189,55,20,0,0,12,140,0,0,0,0,0,6,0,1,0,0,0,0,12,134,0,11,116,3,2,9,2,0,0,3,4,127,3,0,35,63
2342,bartoszycki,warmińsko-mazurskie,130749,1307,58435,45,263,242,21,0,0,413,99,309,5,0,0,32,1,16,15,103,241,205,105,21,1,0,11,125,0,0,0,0,0,1,0,0,0,0,0,0,11,124,0,9,58,0,2,9,9,0,0,4,1,112,0,1,16,62
2021,bedzinski,śląskie,36413,364,149316,410,906,886,20,0,0,1627,180,1408,37,2,0,205,5,125,75,363,1170,787,163,43,5,2,24,388,0,1,0,0,7,38,0,6,0,2,0,2,17,347,1,48,118,8,0,39,78,9,0,14,27,411,1,0,15,181
707,belchatowski,łódzkie,96760,968,113028,117,283,265,16,2,0,1186,76,1092,17,1,0,105,4,39,62,280,680,370,114,22,3,0,14,240,0,3,0,2,0,5,0,0,0,0,0,0,14,232,0,36,59,1,2,18,9,5,0,4,9,144,1,0,15,85
391,Biala Podlaska,lubelskie,4940,49,57545,1165,170,167,3,0,0,273,42,230,1,0,0,24,2,13,9,126,193,87,26,10,1,0,2,104,0,2,0,2,0,7,0,2,0,0,0,0,2,95,0,13,29,0,0,0,7,0,0,4,4,113,1,0,0,22
1114,bialobrzeski,mazowieckie,63910,639,33542,52,175,164,11,0,0,291,48,242,1,0,0,28,3,24,1,48,186,165,46,21,0,0,5,76,0,1,0,1,1,4,0,0,0,0,0,0,4,71,0,6,35,4,0,9,7,1,0,0,0,80,0,0,5,42
2742,bialogardzki,zachodniopomorskie,84546,845,48041,57,396,369,24,3,0,340,31,306,2,1,0,28,4,20,4,200,272,192,57,14,1,0,11,57,0,2,0,1,0,3,0,0,0,1,0,0,11,51,2,5,54,2,0,4,19,0,0,2,4,64,0,1,4,38
1749,bialostocki,podlaskie,297644,2975,147002,49,626,591,32,1,2,696,77,590,28,1,0,137,1,25,111,110,459,552,167,32,0,2,20,327,0,4,0,3,2,19,0,2,0,0,0,0,18,304,0,42,149,1,1,21,11,2,0,4,6,279,2,0,13,145
371,bialski,lubelskie,275426,2755,111922,41,378,341,34,1,2,580,54,520,6,0,0,18,3,9,6,82,322,327,164,60,3,0,19,182,0,3,0,2,7,11,0,1,0,2,0,1,12,166,0,9,109,2,8,2,8,1,0,9,14,240,4,1,6,58
1765,Bialystok,podlaskie,10213,102,297288,2911,647,633,14,0,0,753,172,535,45,1,0,317,6,46,265,416,687,225,63,9,0,0,19,286,0,5,0,4,5,29,0,3,0,2,0,1,14,250,0,33,42,2,0,13,25,7,0,3,16,249,3,1,12,142
1767,bielski (podlaskie),podlaskie,138509,1385,55427,40,175,158,14,3,0,371,64,301,6,0,0,16,0,8,8,91,189,170,74,22,0,0,9,97,0,1,0,0,1,3,0,0,0,0,0,0,8,93,0,12,84,13,0,18,6,0,0,4,1,98,0,0,6,32
2030,bielski (slaskie),śląskie,45864,459,164003,358,434,426,8,0,0,1272,103,1142,26,1,0,173,4,131,38,229,655,620,164,37,1,0,7,282,0,3,0,0,0,24,0,1,0,0,0,0,7,255,0,31,181,31,5,143,52,3,0,13,56,367,0,1,11,50
2041,Bielsko-Biala,śląskie,12451,125,171505,1377,306,303,3,0,0,1686,196,1467,21,2,0,492,8,266,218,387,928,476,147,51,0,3,6,366,0,0,0,0,1,21,0,2,0,1,0,1,5,344,0,34,189,27,5,49,158,3,0,38,62,537,1,2,9,50
2043,bierunsko-ledzinski,śląskie,15815,158,59550,377,212,203,9,0,0,751,85,647,18,1,0,69,3,62,4,125,428,285,81,44,0,0,9,105,0,2,0,1,1,3,0,1,0,0,0,0,8,100,0,12,55,7,4,12,14,1,0,3,20,170,1,0,10,49
1555,bieszczadzki,podkarpackie,113907,1140,21891,19,67,58,9,0,0,315,27,286,2,0,0,22,0,19,3,71,145,114,39,13,0,0,2,55,0,1,0,1,0,3,0,0,0,0,0,0,2,51,0,4,57,2,52,7,1,0,0,6,4,49,0,0,1,17
393,bilgorajski,lubelskie,168110,1681,101949,61,273,249,24,0,0,427,41,380,6,0,0,40,2,22,16,95,181,269,126,29,0,0,10,174,0,0,0,0,1,11,0,0,0,2,0,2,9,161,0,13,62,0,1,13,2,1,0,7,11,134,1,0,4,63
909,bochenski,małopolskie,64856,649,106096,164,217,205,12,0,0,1028,131,888,9,0,0,56,1,25,30,143,483,463,120,36,0,0,8,151,0,1,0,1,1,5,0,0,0,0,0,0,7,145,0,15,125,37,4,63,104,1,0,8,45,204,1,0,2,70
3,boleslawiecki,dolnośląskie,130351,1304,90173,69,599,566,27,5,1,979,237,714,28,0,0,77,3,55,19,386,538,449,147,54,1,3,15,358,0,2,0,1,2,33,0,3,0,3,0,3,13,320,0,20,149,4,8,190,21,0,0,12,12,225,0,0,6,147
2349,braniewski,warmińsko-mazurskie,120165,1202,41675,35,246,232,13,1,0,669,117,551,1,0,0,17,2,9,6,215,339,237,104,19,0,1,16,76,0,2,0,1,6,10,0,1,0,0,0,0,10,64,0,9,157,4,5,11,21,0,0,13,26,64,4,0,19,51
213,brodnicki,kujawsko-pomorskie,103997,1040,78879,76,247,237,9,1,0,734,69,661,4,0,0,41,3,29,9,228,386,248,96,22,1,0,11,118,0,0,0,0,1,4,0,0,0,1,0,0,10,113,1,13,143,7,0,46,6,1,0,14,14,173,3,0,14,50
919,brzeski (malopolskie),małopolskie,59052,591,93164,158,192,178,14,0,0,805,69,726,10,0,0,23,2,20,1,127,423,335,90,21,1,0,8,161,0,0,0,0,0,9,0,2,0,1,0,0,8,151,0,27,110,0,1,25,18,1,0,7,9,212,1,1,8,60
1471,brzeski (opolskie),opolskie,87596,877,90493,103,631,594,34,3,0,743,155,578,10,0,0,100,10,80,10,254,596,398,100,20,5,1,16,240,0,2,0,0,1,15,0,2,0,1,0,1,15,222,1,19,101,0,1,23,31,3,0,5,6,165,2,0,9,142
716,brzezinski,łódzkie,35856,359,30884,86,104,102,2,0,0,587,32,538,17,0,0,44,1,30,13,119,318,192,53,9,0,0,7,100,0,0,0,0,3,4,0,0,0,1,0,0,4,95,0,10,68,1,0,29,4,1,0,3,30,108,0,0,1,56
1559,brzozowski,podkarpackie,53934,540,65938,122,108,102,5,1,0,806,50,745,9,2,0,22,1,19,2,130,393,263,98,27,2,1,5,107,0,0,0,0,1,3,0,0,0,0,0,0,4,104,0,7,61,3,28,8,7,2,0,14,8,122,0,0,6,50
2225,buski,świętokrzyskie,96800,968,72323,75,346,301,43,2,0,564,37,513,14,0,0,15,1,14,0,104,311,370,102,21,1,1,9,136,0,1,0,1,0,7,0,2,0,0,0,0,9,128,0,14,103,0,2,22,9,1,0,16,8,118,0,0,5,45
224,bydgoski,kujawsko-pomorskie,139412,1395,115981,83,473,448,23,2,0,1107,210,878,19,0,0,67,1,49,17,170,542,532,234,96,3,3,13,297,0,1,0,1,1,9,0,0,0,1,0,0,12,286,0,24,196,25,5,49,19,2,0,15,27,401,3,1,78,74
233,Bydgoszcz,kujawsko-pomorskie,17598,176,352313,2002,974,966,8,0,0,1583,329,1232,21,1,0,406,8,185,213,824,1139,477,98,19,0,0,10,394,0,2,0,2,0,33,0,7,0,3,0,1,10,356,1,29,239,4,12,32,59,3,0,21,15,471,0,0,45,83
2049,Bytom,śląskie,6944,69,168394,2425,814,806,7,1,0,1767,321,1414,29,3,0,318,29,205,84,620,1184,607,135,34,0,1,20,297,0,2,0,2,4,25,0,2,0,1,0,1,16,269,2,43,170,0,2,51,196,6,0,115,44,220,0,0,9,149
1877,bytowski,pomorskie,219207,2192,79134,36,249,233,15,0,1,1175,52,1109,14,0,0,32,4,25,3,202,542,488,156,36,0,0,12,165,0,0,0,0,0,4,0,1,0,0,0,0,12,161,0,19,112,21,2,163,19,9,0,17,3,184,0,0,16,79
408,Chelm,lubelskie,3528,35,63333,1795,142,138,4,0,0,363,85,276,2,0,0,48,2,17,29,205,224,60,10,6,0,0,3,92,0,1,0,1,0,5,0,1,0,0,0,0,3,86,1,9,31,0,0,3,2,2,0,4,3,91,2,0,2,14
235,chelminski,kujawsko-pomorskie,52694,527,52292,99,184,178,5,1,0,889,49,833,7,0,0,25,0,21,4,275,446,250,83,18,1,0,6,107,0,0,0,0,1,4,0,0,0,0,0,0,5,103,0,13,106,5,8,55,9,0,0,19,27,154,2,0,12,76
410,chelmski,lubelskie,188560,1887,78579,42,314,288,25,1,0,514,54,456,4,0,0,25,1,14,10,26,214,444,116,27,0,1,11,123,0,1,0,0,4,8,0,0,0,1,0,1,7,113,0,2,72,9,2,8,2,0,0,7,1,143,3,0,4,10
2480,chodzieski,wielkopolskie,68506,685,47341,69,146,138,6,1,1,579,85,483,11,0,0,14,2,10,2,181,261,191,69,21,2,0,10,111,0,0,0,0,0,6,0,2,0,1,0,0,10,104,1,5,63,25,2,7,14,0,0,6,5,116,0,0,4,90
1888,chojnicki,pomorskie,136421,1364,97251,71,258,245,12,1,0,1045,71,953,21,0,0,45,0,43,2,276,510,343,130,41,1,2,3,246,0,0,0,0,0,11,0,0,0,0,0,0,3,235,1,39,143,17,7,79,12,3,0,8,10,215,1,0,16,143
2051,Chorzow,śląskie,3324,33,109021,3280,390,383,4,3,0,910,108,771,30,1,0,270,10,184,76,356,609,250,60,23,2,0,12,253,0,0,0,0,2,38,0,7,0,0,0,0,10,215,0,28,81,0,0,11,90,1,0,21,21,179,1,0,1,132
2747,choszczenski,zachodniopomorskie,132763,1328,48906,37,422,389,28,5,0,374,29,340,5,0,0,29,2,26,1,196,287,213,80,17,3,0,8,108,0,2,0,1,0,8,0,2,0,0,0,0,8,98,0,21,66,4,17,31,4,1,0,4,2,83,0,0,11,44
927,chrzanowski,małopolskie,37012,370,125725,340,570,539,29,1,1,804,172,628,4,0,0,140,4,82,54,200,614,432,103,19,4,2,8,199,0,3,0,2,1,13,0,1,0,1,0,1,7,182,0,9,52,9,0,25,177,0,0,5,11,180,2,0,5,98
1121,ciechanowski,mazowieckie,105980,1060,89976,85,315,310,5,0,0,944,74,867,3,0,0,69,4,44,21,311,461,356,115,16,0,0,15,162,0,0,0,0,1,6,0,0,0,0,0,0,14,156,0,7,264,44,0,99,20,1,0,8,2,191,1,0,6,125
2053,cieszynski,śląskie,73029,730,178251,244,386,380,5,0,1,2491,221,2218,51,1,0,389,4,131,254,460,1331,818,210,47,6,5,10,402,0,5,0,2,1,20,0,2,0,3,0,1,9,374,0,30,346,55,27,175,63,12,0,22,111,457,2,0,55,202
2486,czarnkowsko-trzcianecki,wielkopolskie,180605,1805,87570,48,447,411,33,3,0,1058,57,984,17,0,0,49,0,44,5,272,593,452,143,44,1,0,12,186,0,3,0,0,0,14,0,0,0,2,0,0,12,167,0,21,110,19,12,18,7,0,0,16,14,164,3,0,4,81
2066,Czestochowa,śląskie,15971,160,224376,1405,859,828,29,2,0,2693,375,2249,68,1,0,480,8,258,214,559,1653,1016,249,71,1,3,17,487,0,0,0,0,5,53,0,10,0,0,0,0,12,434,0,43,137,4,4,67,200,4,0,20,47,574,1,0,9,107
2068,czestochowski,śląskie,152205,1521,135227,89,926,842,81,3,0,2334,247,2028,58,1,0,96,2,80,14,228,1186,1247,503,88,4,3,21,396,0,2,0,0,3,28,0,0,0,1,0,0,18,365,1,34,154,14,3,72,26,1,0,12,175,474,2,2,12,84
1894,czluchowski,pomorskie,157527,1575,56678,36,264,240,21,3,0,713,32,670,11,0,0,34,3,26,5,112,342,367,122,34,0,0,16,164,0,4,0,3,1,12,0,2,0,3,0,1,15,145,0,21,73,3,5,101,3,0,0,6,1,156,1,0,11,97
2085,Dabrowa Gornicza,śląskie,18873,189,121121,642,455,421,30,3,1,894,108,775,11,0,0,205,10,130,65,260,672,315,84,13,3,2,7,228,0,0,0,0,1,18,0,1,0,1,0,1,6,209,0,19,105,1,1,21,22,3,0,10,14,298,3,0,11,100
933,dabrowski,małopolskie,53025,530,59311,112,126,109,16,1,0,469,53,413,3,0,0,12,3,7,2,61,219,239,62,12,1,1,2,104,0,3,0,1,0,1,0,0,0,1,0,1,2,99,0,12,79,0,1,5,9,1,0,0,5,96,0,0,6,35
1566,debicki,podkarpackie,77748,777,135479,174,311,287,20,3,1,1387,459,916,12,0,0,66,0,33,33,129,638,708,166,54,2,1,7,195,0,3,0,3,0,6,0,1,0,2,0,2,7,184,0,27,138,5,3,14,24,3,0,15,412,214,1,0,15,66
2754,drawski,zachodniopomorskie,176424,1764,57729,33,379,342,33,4,0,464,51,410,3,0,0,49,3,41,5,184,306,246,88,19,0,0,18,107,0,2,0,0,1,8,0,0,0,0,0,0,17,97,0,10,98,3,1,27,15,0,0,1,6,88,1,0,18,47
2357,dzialdowski,warmińsko-mazurskie,95393,954,65772,69,192,180,10,1,1,536,38,492,6,0,0,51,4,46,1,105,295,244,73,11,0,0,17,154,0,1,0,1,0,2,0,0,0,0,0,0,17,151,0,17,73,4,1,45,10,12,0,4,6,115,2,0,10,87
10,dzierzoniowski,dolnośląskie,47851,479,102077,213,458,441,17,0,0,589,89,483,16,1,0,95,9,73,13,243,422,276,86,17,3,0,14,195,0,1,0,1,0,10,0,0,0,0,0,0,14,184,0,7,79,1,1,13,37,2,0,7,7,112,1,0,25,109
2364,Elblag,warmińsko-mazurskie,7982,80,120895,1515,356,351,5,0,0,614,171,438,5,0,0,135,3,82,50,367,389,143,51,20,0,0,22,142,0,0,0,0,1,6,0,0,0,0,0,0,21,136,0,9,41,1,0,10,35,0,0,12,1,131,0,0,16,106
2366,elblaski,warmińsko-mazurskie,141558,1416,57955,41,328,313,14,1,0,543,47,486,10,0,0,35,2,33,0,111,298,330,104,26,2,0,19,147,0,1,0,1,2,5,0,1,0,0,0,0,17,141,0,19,146,1,4,26,16,0,0,5,1,157,2,0,9,100
2376,elcki,warmińsko-mazurskie,111279,1113,91022,82,348,336,12,0,0,385,55,328,2,0,0,70,1,43,26,189,301,182,51,10,0,0,9,88,0,0,0,0,2,1,0,0,0,0,0,0,7,87,0,7,59,2,1,6,5,1,0,6,6,132,3,0,20,46
1131,garwolinski,mazowieckie,128483,1285,108981,85,332,309,23,0,0,1243,67,1162,14,0,0,102,1,57,44,135,701,544,156,39,0,0,13,272,0,0,0,0,0,15,0,2,0,0,0,0,13,257,0,23,172,8,5,40,22,1,0,11,2,267,1,0,8,120
1902,Gdansk,pomorskie,26196,262,464254,1772,1452,1417,31,3,1,3056,493,2518,45,0,0,274,7,187,80,1289,2041,881,246,37,12,2,44,923,0,3,0,3,5,58,2,4,0,2,0,3,39,860,2,84,152,4,3,86,79,13,0,21,34,899,9,8,67,644
1904,gdanski,pomorskie,79375,794,113983,144,541,498,41,0,2,849,113,718,18,0,0,45,2,34,9,224,553,432,139,39,3,0,18,247,0,3,0,2,3,8,0,2,0,1,0,0,15,235,3,23,83,6,3,46,6,1,0,5,3,269,1,0,22,122
1913,Gdynia,pomorskie,13514,135,246306,1823,591,588,3,0,0,1893,435,1429,29,0,0,229,6,102,121,642,1159,521,135,26,0,1,24,379,0,0,0,0,8,15,0,1,0,3,0,2,16,361,0,25,56,13,1,79,39,13,0,29,42,588,0,1,23,198
2382,gizycki,warmińsko-mazurskie,111951,1120,56922,51,295,279,16,0,0,487,35,444,8,0,0,57,2,47,8,169,293,215,86,19,0,0,15,126,0,0,0,0,4,7,0,0,0,0,0,0,11,119,0,5,75,1,0,10,10,3,0,3,13,136,2,0,30,38
2087,Gliwice,śląskie,13388,134,181309,1354,554,550,4,0,0,1589,265,1296,28,0,0,514,14,251,249,561,1025,388,116,41,9,3,7,299,0,1,0,1,0,19,0,1,0,2,0,2,7,277,1,32,159,1,2,52,83,5,0,19,26,328,1,0,10,171
2089,gliwicki,śląskie,66437,664,115647,174,405,389,15,1,0,1260,94,1139,27,0,0,135,7,96,32,263,736,520,116,28,2,0,12,211,0,1,0,0,1,8,0,1,0,1,0,1,11,201,0,22,145,3,0,27,44,3,0,13,16,259,0,0,15,125
18,glogowski,dolnośląskie,44327,443,89933,203,396,371,21,4,0,393,50,333,10,0,0,77,0,70,7,301,270,136,48,27,7,0,12,133,0,0,0,0,0,2,0,0,0,0,0,0,12,131,0,10,50,1,1,7,8,2,0,2,3,124,1,0,9,21
1478,glubczycki,opolskie,67263,673,46209,69,180,162,16,2,0,338,22,313,3,0,0,30,1,25,4,67,184,174,76,16,0,1,1,65,0,0,0,0,0,5,0,0,0,0,0,0,1,60,0,7,66,1,0,41,18,5,0,5,1,49,0,0,3,33
2495,gnieznienski,wielkopolskie,125503,1256,145333,116,449,420,27,1,1,1169,198,962,9,0,0,136,1,94,41,342,636,466,137,34,3,0,17,201,0,1,0,1,0,11,0,3,0,1,0,0,17,188,0,13,100,5,4,7,19,0,0,23,19,220,4,0,6,104
2389,goldapski,warmińsko-mazurskie,77229,772,27062,35,162,148,13,1,0,329,50,278,1,0,0,22,2,15,5,111,177,138,50,14,1,0,7,53,0,1,0,1,1,6,0,0,0,0,0,0,6,46,0,2,46,0,0,4,2,0,0,2,0,48,0,0,11,30
2761,goleniowski,zachodniopomorskie,161548,1616,82567,51,576,558,12,5,1,553,103,446,4,0,0,50,0,30,20,264,423,301,104,34,2,1,19,218,0,1,0,1,0,4,0,0,0,0,0,0,19,213,0,12,92,5,8,5,8,0,0,1,1,182,1,0,7,89
243,golubsko-dobrzynski,kujawsko-pomorskie,61285,613,45289,74,151,136,11,2,2,730,22,707,1,0,0,27,0,16,11,179,354,231,89,27,1,0,9,74,0,3,0,1,0,2,0,0,0,1,0,1,9,68,0,11,123,2,7,71,6,0,0,10,6,106,1,0,8,23
941,gorlicki,małopolskie,96646,966,109076,113,334,307,26,0,1,938,95,838,5,0,0,57,0,25,32,242,535,343,110,38,3,1,4,185,0,1,0,1,0,9,0,0,0,0,0,0,4,175,0,24,60,2,15,19,143,3,0,2,12,176,0,0,5,68
25,gorowski,dolnośląskie,73827,738,35473,48,236,211,24,1,0,290,55,229,6,0,0,14,2,12,0,70,185,188,62,20,1,0,3,80,0,1,0,0,0,4,0,0,0,0,0,0,3,75,0,6,55,0,0,0,2,0,0,7,2,72,0,0,7,36
617,Gorzow Wielkopolski,lubuskie,8572,86,124295,1450,462,453,7,2,0,753,285,465,3,0,0,249,1,139,109,380,535,205,73,20,1,1,8,162,0,2,0,2,2,18,0,0,0,0,0,0,6,142,0,25,62,2,1,39,21,1,0,8,9,132,0,0,10,92
609,gorzowski,lubuskie,121423,1214,71438,59,592,554,35,3,0,833,214,619,0,0,0,75,1,62,12,238,588,408,144,39,5,3,11,153,0,1,0,0,3,8,0,1,0,0,0,0,8,144,0,15,87,3,5,15,5,0,0,5,7,131,0,0,19,58
1146,gostyninski,mazowieckie,61481,615,45461,74,164,150,12,2,0,653,67,582,3,1,0,30,0,22,8,143,358,220,72,22,2,0,9,79,0,1,0,1,2,0,0,0,0,0,0,0,7,78,0,10,148,17,3,19,5,2,0,9,8,90,1,0,4,40
2506,gostynski,wielkopolskie,81025,810,76087,94,121,117,4,0,0,673,48,616,9,0,0,37,0,21,16,208,338,186,47,13,2,0,6,129,0,0,0,0,1,3,0,0,0,2,0,1,5,124,0,10,54,2,2,12,14,0,0,5,0,108,0,1,1,54
1776,grajewski,podlaskie,96762,968,47781,49,167,159,8,0,0,463,67,387,9,0,0,39,1,27,11,134,199,170,80,43,4,0,7,104,0,0,0,0,1,4,0,0,0,1,0,2,6,99,0,4,68,3,2,39,3,0,0,3,5,136,0,0,12,38
1152,grodziski (mazowieckie),mazowieckie,36704,367,92847,253,435,422,11,1,1,880,108,769,3,0,0,110,1,51,58,248,560,381,103,22,1,0,7,178,0,0,0,0,1,13,0,3,0,2,0,1,6,163,0,12,183,2,1,4,44,1,0,4,30,241,3,0,2,123
2514,grodziski (wielkopolskie),wielkopolskie,64187,642,51701,81,110,103,6,1,0,440,22,412,6,0,0,47,1,15,31,113,220,145,58,14,0,0,4,108,0,1,0,1,0,3,0,0,0,1,0,1,4,103,0,9,43,0,1,4,5,0,0,3,5,84,1,0,4,66
1159,grojecki,mazowieckie,126773,1268,98701,78,506,470,32,3,1,850,66,777,7,0,0,148,5,103,40,219,516,396,179,43,3,0,24,233,0,2,0,0,1,11,0,0,0,0,0,0,23,220,0,13,108,2,1,43,8,0,0,4,6,269,0,0,6,78
250,Grudziadz,kujawsko-pomorskie,5776,58,95629,1656,353,349,4,0,0,738,170,560,6,2,0,113,9,56,48,508,370,142,50,20,1,0,5,121,0,0,0,0,1,11,0,0,0,0,0,0,4,110,0,6,58,0,0,8,42,1,0,19,5,109,0,0,13,63
252,grudziadzki,kujawsko-pomorskie,72776,728,40368,55,177,164,12,1,0,822,64,748,10,0,0,15,5,10,0,170,435,254,116,24,0,0,5,143,0,0,0,0,0,6,0,1,0,1,0,0,5,136,0,20,159,4,1,16,6,0,0,1,7,169,2,0,7,50
2768,gryficki,zachodniopomorskie,101737,1017,60885,60,535,501,33,1,0,440,79,361,0,0,0,87,13,48,26,268,391,208,83,23,1,1,6,108,0,2,0,1,1,21,0,7,0,0,0,0,5,85,0,7,68,0,7,27,10,0,0,4,2,84,1,0,12,33
2775,gryfinski,zachodniopomorskie,186911,1870,82951,44,742,678,59,5,0,673,67,603,3,0,0,96,4,82,10,227,512,446,169,54,5,1,10,110,0,0,0,0,1,7,0,0,0,1,0,0,9,102,0,10,163,0,5,65,9,0,0,2,4,125,1,0,17,33
1783,hajnowski,podlaskie,162353,1624,43745,27,212,195,17,0,0,372,54,314,4,0,0,40,1,15,24,91,188,184,87,29,5,0,5,64,0,0,0,0,3,15,0,0,0,2,0,2,2,47,0,4,128,2,4,3,0,0,0,10,1,52,0,0,9,33
426,hrubieszowski,lubelskie,126802,1268,64428,51,187,168,19,0,0,624,34,590,0,0,0,19,1,17,1,89,211,340,141,30,0,0,4,45,0,0,0,0,3,11,0,0,0,0,0,0,1,34,0,0,142,2,6,14,2,0,0,4,10,70,1,0,6,3
2393,ilawski,warmińsko-mazurskie,138522,1385,92811,67,309,296,12,1,0,532,71,450,11,0,0,127,6,61,60,165,286,244,124,20,2,0,14,212,0,0,0,0,1,8,0,1,0,0,0,0,13,204,0,14,135,2,3,27,11,1,0,6,7,185,1,0,22,92
259,inowroclawski,kujawsko-pomorskie,122518,1225,161591,132,564,526,36,1,1,980,102,867,11,0,0,84,4,61,19,324,539,468,164,43,4,2,11,298,0,2,0,0,1,17,0,5,0,2,0,1,10,277,0,20,150,6,1,82,13,0,0,23,12,320,4,1,5,121
435,janowski,lubelskie,87528,875,46306,53,148,133,15,0,0,340,62,273,5,0,0,10,1,7,2,49,174,178,71,15,1,0,6,83,0,0,0,0,1,4,0,0,0,0,0,1,5,79,0,13,33,1,2,10,2,2,0,6,2,80,1,0,4,43
2520,jarocinski,wielkopolskie,58729,587,71741,122,182,176,6,0,0,621,58,550,13,0,0,12,0,6,6,142,350,235,65,9,2,0,11,136,0,0,0,0,0,2,0,0,0,0,0,0,11,134,0,12,69,4,1,28,7,0,0,9,4,110,0,1,5,83
1574,jaroslawski,podkarpackie,102866,1029,120980,118,242,234,7,1,0,791,90,694,7,0,0,62,1,40,21,147,392,315,120,55,3,1,11,228,0,0,0,0,0,8,0,0,0,0,0,0,11,220,0,20,70,2,21,19,22,1,0,8,25,203,0,0,14,78
1586,jasielski,podkarpackie,83087,831,114156,137,514,494,19,1,0,829,33,778,18,0,0,46,3,22,21,223,575,407,110,26,1,1,14,239,0,0,0,0,2,12,0,0,0,0,0,0,12,227,1,20,120,2,8,32,13,1,0,10,9,174,0,0,7,112
2098,Jastrzebie-Zdroj,śląskie,8533,85,89590,1050,260,251,6,2,1,983,168,796,19,0,0,136,5,84,47,218,555,325,112,33,0,0,5,153,0,1,0,1,0,12,0,0,0,0,0,0,5,140,0,17,124,16,1,35,90,1,0,8,25,156,0,0,0,80
30,jaworski,dolnośląskie,58155,582,50947,88,301,284,16,1,0,604,189,386,29,0,0,61,2,57,2,150,274,310,124,46,1,0,9,220,0,0,0,0,1,4,0,0,0,1,0,1,8,215,0,22,102,0,2,9,11,4,0,16,34,165,1,0,11,71
2100,Jaworzno,śląskie,15259,153,92090,604,300,291,8,1,0,728,71,648,8,1,0,124,4,80,40,168,476,287,65,25,5,2,10,163,0,1,0,1,4,15,0,0,0,1,0,1,6,146,0,16,74,0,0,21,12,0,0,8,12,152,0,0,3,67
2234,jedrzejowski,świętokrzyskie,125696,1257,86560,69,309,285,22,2,0,477,40,428,9,0,0,21,2,18,1,64,255,338,99,29,0,1,15,146,0,0,0,0,0,5,0,0,0,1,0,0,15,140,0,12,64,0,1,12,9,0,0,10,6,133,3,0,4,45
37,Jelenia Gora,dolnośląskie,10922,109,80072,733,442,428,12,1,1,628,174,439,15,0,0,68,3,58,7,285,441,243,71,26,4,0,9,95,0,1,0,1,3,8,0,3,0,1,0,0,6,85,0,5,127,1,1,12,41,3,0,21,6,95,1,0,5,65
39,jeleniogorski,dolnośląskie,62714,627,64178,102,437,415,21,1,0,776,180,578,18,0,0,58,1,52,5,162,423,435,146,45,1,1,11,146,0,1,0,1,0,15,0,0,0,0,0,0,11,130,1,20,320,3,4,9,23,14,0,18,6,152,0,1,20,67
2525,kaliski,wielkopolskie,115999,1160,83124,72,377,345,29,3,0,629,33,571,25,0,0,21,0,10,11,86,314,406,171,28,0,1,10,162,0,5,0,1,0,6,0,0,0,0,0,0,10,151,0,21,56,2,0,8,5,0,0,9,9,150,2,0,7,83
2537,Kalisz,wielkopolskie,6942,69,101625,1464,289,286,3,0,0,871,177,678,15,1,0,121,2,44,75,356,495,254,41,13,1,0,22,134,0,1,0,1,4,4,0,0,0,1,0,1,18,128,0,7,17,0,0,4,71,1,0,4,12,138,0,0,13,101
49,kamiennogorski,dolnośląskie,39569,396,43999,111,386,363,21,2,0,712,449,255,8,0,0,53,5,31,17,202,422,402,55,16,1,0,7,55,0,0,0,0,0,6,0,1,0,0,0,0,7,49,0,7,56,3,2,5,20,2,0,10,368,55,0,0,3,33
2785,kamienski,zachodniopomorskie,100344,1003,47281,47,361,336,23,2,0,776,88,683,4,1,0,52,3,40,9,281,500,261,68,23,4,0,6,130,0,3,0,1,0,5,0,1,0,0,0,0,6,122,0,24,114,3,9,10,8,1,0,2,2,108,0,0,15,68
1915,kartuski,pomorskie,112054,1121,133841,119,416,407,8,1,0,1685,181,1479,25,0,0,69,15,40,14,288,813,744,160,94,2,0,18,330,0,3,0,1,1,12,0,0,0,1,0,0,17,314,0,30,131,3,3,102,3,4,0,7,12,403,1,0,59,236
2102,Katowice,śląskie,16464,165,296262,1799,1043,1035,4,4,0,3029,444,2543,42,0,0,662,17,312,333,730,1864,1157,243,67,8,3,12,535,0,0,0,0,4,36,1,4,0,4,0,3,8,495,0,43,343,3,4,25,196,2,0,35,79,856,9,1,18,163
2244,kazimierski,świętokrzyskie,42218,422,34049,81,93,83,10,0,0,329,28,295,6,0,0,4,0,4,0,33,163,156,54,16,0,0,5,49,0,0,0,0,0,2,0,0,0,3,0,2,5,44,0,0,55,0,7,4,4,1,0,5,4,53,0,0,11,30
1483,kedzierzynsko-kozielski,opolskie,62513,626,95236,152,334,318,15,0,1,556,94,450,11,1,0,62,1,46,15,106,412,284,70,16,2,0,10,215,0,1,0,1,0,14,0,1,0,0,0,0,10,200,0,19,58,1,0,12,60,2,0,4,8,131,0,0,7,101
2539,kepinski,wielkopolskie,60826,608,56394,93,267,252,12,3,0,538,38,477,23,0,0,54,1,22,31,194,295,220,74,21,1,0,8,139,0,0,0,0,0,4,0,0,0,0,0,0,8,135,0,12,50,0,1,9,8,0,0,8,3,159,1,0,8,77
2401,ketrzynski,warmińsko-mazurskie,121299,1213,63470,52,309,295,14,0,0,356,47,303,6,0,0,56,1,22,33,155,263,178,56,12,0,1,9,123,0,1,0,1,0,9,0,0,0,1,0,0,9,112,0,6,72,6,1,11,23,4,0,4,0,98,0,0,10,73
2250,Kielce,świętokrzyskie,10965,110,196804,1795,467,459,7,0,1,1218,247,906,65,0,0,76,6,58,12,390,866,327,66,36,0,0,30,251,0,1,0,1,3,18,0,0,0,1,0,1,27,231,0,25,61,0,2,24,136,0,0,19,8,196,1,0,12,64
2252,kielecki,świętokrzyskie,224607,2246,210102,94,965,907,56,0,2,1289,66,1173,50,0,0,50,4,46,0,110,746,963,363,70,2,0,26,344,0,0,0,0,3,14,0,0,0,2,0,0,23,328,0,44,114,6,16,146,15,2,0,16,7,396,0,1,10,142
2104,klobucki,śląskie,88859,889,85094,96,625,589,36,0,0,1040,74,953,12,1,0,55,6,43,6,246,808,479,115,13,2,2,11,174,0,0,0,0,0,11,0,0,0,2,0,0,11,161,0,12,93,0,0,29,8,3,0,7,66,163,1,0,4,100
54,klodzki,dolnośląskie,164330,1642,160465,98,1312,1255,55,2,0,1897,360,1470,67,0,0,247,6,153,88,473,1148,1067,422,90,9,0,43,460,0,1,0,1,2,25,0,2,0,3,0,1,41,431,1,32,419,1,4,42,43,2,0,28,44,384,2,2,42,217
1490,kluczborski,opolskie,85191,852,66189,78,322,315,5,0,2,532,76,456,0,0,0,62,2,60,0,201,342,231,61,17,0,2,18,95,0,0,0,0,1,0,0,0,0,0,0,0,17,95,1,4,114,2,1,54,16,3,0,2,7,121,1,0,10,80
1597,kolbuszowski,podkarpackie,77317,774,62401,81,152,142,10,0,0,526,39,478,9,0,0,16,0,9,7,98,260,210,87,23,0,0,10,106,0,0,0,0,1,3,0,0,0,1,0,1,9,102,0,9,63,1,0,36,10,0,0,7,14,158,1,0,1,48
1793,kolnenski,podlaskie,94010,940,38748,41,121,113,6,2,0,396,31,351,13,1,0,13,2,9,2,59,164,212,58,24,0,0,10,78,0,0,0,0,0,2,0,0,0,1,0,1,10,75,1,11,114,22,2,32,1,1,0,10,5,86,0,0,6,33
2792,kolobrzeski,zachodniopomorskie,72466,725,79596,110,414,398,16,0,0,612,125,485,2,0,0,145,5,31,109,263,387,275,71,29,0,1,19,142,0,1,0,1,2,6,0,0,0,0,0,0,17,135,0,10,85,1,0,7,9,2,0,4,5,129,2,0,11,85
2547,kolski,wielkopolskie,101071,1011,87790,87,376,364,11,1,0,814,60,746,8,0,0,65,2,42,21,148,452,488,87,14,1,0,7,106,0,1,0,1,0,9,0,0,0,1,0,0,7,95,0,4,70,3,2,52,5,0,0,16,16,107,0,0,2,75
2272,konecki,świętokrzyskie,113972,1140,81315,71,552,517,35,0,0,675,75,587,11,2,0,18,0,18,0,193,495,419,98,19,2,1,22,125,0,0,0,0,1,9,0,0,0,1,0,1,21,115,0,5,63,0,4,20,18,1,0,4,1,99,3,0,8,65
2559,Konin,wielkopolskie,8216,82,74834,911,289,280,7,1,1,560,60,490,10,0,0,78,2,43,33,259,331,187,54,17,0,1,3,65,0,1,0,0,0,3,0,0,0,1,0,1,3,60,0,2,71,0,0,26,5,0,0,12,2,62,0,0,10,44
2561,koninski,wielkopolskie,157839,1578,129715,82,566,542,23,1,0,826,41,738,44,3,0,53,2,34,17,148,498,527,178,38,3,0,13,170,0,1,0,0,0,10,0,1,0,0,0,0,13,159,0,16,103,1,6,16,6,1,0,13,4,136,3,0,18,77
2576,koscianski,wielkopolskie,72242,722,79253,110,198,184,10,4,0,837,47,755,35,0,0,52,2,24,26,292,418,241,68,12,4,0,13,233,0,0,0,0,1,7,0,0,0,0,0,0,12,226,0,18,42,1,0,9,12,0,0,5,11,187,4,0,4,147
1924,koscierski,pomorskie,116567,1166,72311,62,306,290,16,0,0,792,66,707,19,0,0,103,2,28,73,216,326,343,154,57,2,0,14,249,0,0,0,0,1,16,0,2,0,1,0,0,13,232,0,24,142,3,1,38,5,0,0,7,15,196,0,1,18,134
2800,Koszalin,zachodniopomorskie,9834,98,107670,1095,400,393,7,0,0,467,134,327,6,0,0,66,1,50,15,389,359,93,21,4,1,0,6,97,0,3,0,3,1,8,0,0,0,2,0,2,5,84,0,16,37,0,1,3,14,0,0,9,4,77,0,0,6,31
2802,koszalinski,zachodniopomorskie,165346,1653,66269,40,447,420,25,1,1,587,75,504,8,0,0,60,2,50,8,139,364,358,153,18,1,1,15,191,0,1,0,0,1,2,0,0,0,0,0,0,14,188,0,26,108,2,3,13,10,6,0,3,0,165,0,0,13,73
1170,kozienicki,mazowieckie,91610,916,60699,66,377,355,22,0,0,418,48,361,9,0,0,42,0,38,4,100,277,259,120,37,1,0,7,126,0,0,0,0,1,1,0,0,0,0,0,0,6,125,0,11,62,3,1,31,3,1,0,2,0,143,6,0,8,50
970,Krakow,małopolskie,32685,327,767348,2348,1594,1555,37,2,0,5244,1454,3758,32,0,0,2124,31,709,1384,2062,3136,1237,257,125,16,4,36,561,0,4,0,3,9,29,0,1,0,3,0,3,27,525,0,40,497,13,6,130,341,17,0,39,59,1402,6,0,91,412
952,krakowski,małopolskie,123052,1231,274843,223,1399,1337,60,1,1,2660,338,2297,22,3,0,246,6,155,85,723,1648,1250,367,64,2,5,41,456,1,0,0,0,2,13,0,1,0,1,0,0,38,442,4,37,401,65,6,183,72,5,0,7,9,882,1,2,32,198
1495,krapkowicki,opolskie,44180,442,64227,145,221,210,11,0,0,344,69,273,2,0,0,51,0,44,7,96,258,150,45,14,2,0,9,83,0,0,0,0,2,3,0,0,0,0,0,0,7,80,1,6,68,0,1,15,6,4,0,7,2,102,0,0,3,71
454,krasnicki,lubelskie,100530,1005,96574,96,241,225,16,0,0,771,94,674,3,0,0,46,3,30,13,151,439,313,91,17,0,1,10,200,0,2,0,0,2,10,0,2,0,1,0,1,8,187,0,18,89,1,2,7,18,0,0,6,9,160,0,1,11,55
443,krasnostawski,lubelskie,103144,1031,64432,62,220,213,7,0,0,575,40,528,7,0,0,42,1,19,22,68,232,324,135,35,1,0,8,163,0,1,0,0,1,5,0,0,0,3,0,3,7,154,0,16,91,1,3,16,10,1,0,22,10,133,0,0,12,31
619,krosnienski (lubuskie),lubuskie,139125,1391,55512,40,620,564,48,8,0,548,155,391,2,0,0,61,2,49,10,209,391,364,156,42,4,2,7,86,0,0,0,0,2,7,0,0,0,0,0,0,5,79,0,5,124,1,0,6,12,0,0,1,0,78,1,0,5,49
1606,krosnienski (podkarpackie),podkarpackie,99311,993,112481,113,366,354,12,0,0,977,112,853,12,0,0,74,1,42,31,112,527,472,158,70,3,1,9,261,0,1,0,0,0,4,0,0,0,1,0,1,9,255,0,35,145,26,48,83,12,2,0,13,12,232,0,0,9,48
1604,Krosno,podkarpackie,4350,44,46600,1071,137,135,2,0,0,370,47,319,4,0,0,81,1,25,55,163,215,99,25,5,0,0,4,117,0,0,0,0,1,3,0,1,0,2,0,1,3,112,0,12,43,4,5,11,17,0,0,4,9,100,0,0,2,28
2582,krotoszynski,wielkopolskie,71368,714,77720,109,185,177,6,2,0,647,62,575,10,0,0,19,1,13,5,180,353,232,55,10,1,1,7,111,0,1,0,0,1,4,0,0,0,1,0,0,6,105,0,8,41,0,0,16,17,0,0,2,12,92,1,0,2,72
722,kutnowski,łódzkie,88686,887,98018,111,321,298,18,5,0,667,84,574,9,0,0,77,2,29,46,83,375,377,124,25,4,0,31,215,0,1,0,1,3,4,0,0,0,1,0,0,28,209,1,12,85,2,3,25,18,0,0,15,12,155,2,0,4,80
1933,kwidzynski,pomorskie,83470,835,83423,100,311,298,11,2,0,513,69,430,14,0,0,57,2,29,26,188,299,225,80,28,2,2,5,165,0,1,0,0,0,8,0,0,0,1,0,0,5,155,1,19,66,3,0,24,23,3,0,10,1,127,1,0,11,50
1638,lancucki,podkarpackie,45184,452,80741,179,195,184,10,1,0,575,40,530,4,1,0,39,1,32,6,99,298,248,98,27,0,0,8,151,0,1,0,0,0,4,0,0,0,1,0,0,8,145,0,19,96,5,7,10,12,0,0,19,20,167,1,0,2,64
734,laski,łódzkie,61823,618,50224,81,171,160,10,1,0,582,28,547,7,0,0,34,2,28,4,160,366,167,48,11,1,0,12,64,0,0,0,0,1,2,0,0,0,1,0,1,11,61,0,0,70,1,1,18,7,0,0,3,12,74,1,0,4,52
1940,leborski,pomorskie,70602,706,66333,94,330,314,12,2,2,780,79,680,21,0,0,54,4,27,23,255,399,314,112,29,1,0,10,174,0,2,0,0,1,29,0,12,0,0,0,0,9,143,0,18,30,3,1,25,22,1,0,7,13,155,1,2,20,79
740,leczycki,łódzkie,77275,773,50527,65,203,182,18,2,1,500,27,469,4,0,0,65,6,31,28,118,235,242,80,26,1,1,13,98,0,1,0,1,0,10,0,5,0,0,0,0,13,87,0,2,56,49,0,57,6,0,0,5,6,84,2,0,3,48
498,leczynski,lubelskie,63664,637,57461,90,257,235,21,1,0,312,24,285,3,0,0,15,0,7,8,61,200,216,69,22,1,0,12,144,0,0,0,0,3,14,0,6,0,0,0,0,9,130,0,11,45,1,4,2,13,0,0,7,6,105,1,0,20,31
1178,legionowski,mazowieckie,39076,390,115384,295,510,498,12,0,0,1344,203,1137,4,0,0,236,2,167,67,335,735,535,187,62,0,0,6,113,0,0,0,0,1,4,0,0,0,0,0,0,5,109,0,18,281,6,3,13,14,5,0,4,6,252,4,1,25,69
69,Legnica,dolnośląskie,5629,56,100324,1782,775,751,23,1,0,605,191,398,16,0,0,189,15,90,84,514,626,183,54,3,0,0,9,208,0,1,0,1,3,30,0,5,0,0,0,0,6,177,0,13,28,0,0,4,67,2,0,2,8,102,0,0,6,78
71,legnicki,dolnośląskie,74408,744,55233,74,580,541,36,3,0,498,102,381,15,0,0,69,3,48,18,144,417,393,100,19,5,0,9,191,0,1,0,0,0,4,0,0,0,0,0,0,9,186,0,8,66,0,5,11,27,0,0,7,10,178,0,0,4,80
1617,leski,podkarpackie,83494,835,26606,32,105,95,10,0,0,464,42,417,5,0,0,29,1,16,12,53,162,214,100,39,1,0,10,71,0,1,0,1,1,5,0,0,0,0,0,0,9,65,0,8,29,6,80,19,8,1,0,3,1,77,0,2,16,29
2589,leszczynski,wielkopolskie,80581,806,55883,69,140,133,6,1,0,494,34,451,9,0,0,26,0,9,17,93,283,183,64,9,2,0,8,123,0,0,0,0,0,2,0,2,0,0,0,0,8,121,2,5,19,1,0,5,4,1,0,5,0,119,1,0,4,50
2597,Leszno,wielkopolskie,3186,32,64197,2015,88,86,2,0,0,374,88,283,3,0,0,46,1,15,30,161,199,67,26,8,1,0,9,59,0,0,0,0,0,2,0,0,0,0,0,0,9,57,1,4,14,0,0,2,9,1,0,9,3,54,3,0,0,35
1623,lezajski,podkarpackie,58371,585,69641,119,200,191,8,1,0,510,57,446,7,0,0,23,5,10,8,77,261,224,109,38,1,0,4,129,0,0,0,0,0,7,0,0,0,0,0,0,4,122,0,17,84,11,3,30,19,0,0,16,17,100,1,0,7,56
2408,lidzbarski,warmińsko-mazurskie,92500,925,41840,45,223,217,6,0,0,350,56,293,1,0,0,78,0,44,34,89,225,171,67,21,0,0,12,78,0,1,0,0,5,0,0,0,0,0,0,0,7,77,0,5,47,1,2,12,0,1,0,3,3,83,0,0,15,33
972,limanowski,małopolskie,95123,951,130964,138,300,284,12,4,0,1610,188,1413,8,1,0,101,6,52,43,269,789,629,169,53,1,0,8,214,0,1,0,1,2,4,0,0,0,0,0,0,6,209,0,23,71,288,5,318,18,4,0,5,5,248,0,1,2,88
269,lipnowski,kujawsko-pomorskie,101574,1016,66517,65,295,278,14,3,0,891,32,855,4,0,0,13,2,10,1,233,558,268,105,20,1,1,9,99,0,0,0,0,0,0,0,0,0,0,0,0,9,99,0,3,132,6,3,42,5,0,0,27,9,122,1,0,8,27
1184,lipski,mazowieckie,74022,740,34496,47,114,106,8,0,0,499,48,449,2,0,0,7,0,7,0,63,193,214,96,46,1,0,3,80,0,0,0,0,0,3,0,0,0,1,0,0,3,76,0,5,111,2,9,30,2,6,0,22,4,107,0,0,15,45
2811,lobeski,zachodniopomorskie,106513,1065,37401,35,318,292,21,5,0,362,42,319,1,0,0,26,2,19,5,135,250,219,61,13,2,0,11,55,0,0,0,0,1,4,0,0,0,0,0,0,10,51,0,3,99,2,4,13,3,1,0,2,1,69,1,0,9,25
767,Lodz,łódzkie,29325,293,690422,2354,2212,2184,28,0,0,5740,1102,4545,93,0,0,1098,31,339,728,2599,3563,1448,287,54,1,0,193,1492,0,5,0,5,16,149,0,9,0,7,0,5,177,1331,0,65,458,4,14,266,194,7,0,124,23,957,4,0,24,880
760,lodzki wschodni,łódzkie,49976,500,71182,142,300,288,10,1,1,943,41,871,31,0,0,54,0,45,9,188,553,372,105,25,0,0,13,180,0,0,0,0,3,8,0,0,0,1,0,0,10,171,0,10,73,20,3,36,11,0,0,3,10,174,2,0,3,88
1800,Lomza,podlaskie,3267,33,63092,1931,114,112,2,0,0,257,68,174,15,0,0,25,3,10,12,136,156,46,25,8,0,0,2,61,0,0,0,0,0,3,0,0,0,0,0,0,2,58,0,10,16,1,0,11,15,1,0,4,1,65,0,0,11,13
1802,lomzynski,podlaskie,135459,1355,51084,38,209,203,6,0,0,414,38,363,13,0,0,13,2,10,1,58,209,243,86,26,1,0,10,143,0,0,0,0,2,2,0,0,0,0,0,0,8,141,1,17,130,4,3,13,2,1,0,25,2,137,0,0,7,35
1191,losicki,mazowieckie,77245,772,31335,41,147,134,13,0,0,311,28,282,1,0,0,14,0,14,0,84,159,142,50,23,0,0,12,83,0,0,0,0,1,4,0,0,0,0,0,0,11,79,0,7,46,6,3,2,2,0,0,8,3,98,0,0,0,41
749,lowicki,łódzkie,98817,988,78994,80,251,236,15,0,0,923,44,855,22,2,0,60,1,47,12,178,441,385,136,32,2,0,24,214,0,1,0,0,0,7,0,0,0,0,0,0,24,206,1,5,190,16,1,55,8,1,0,7,15,198,1,1,6,129
1629,lubaczowski,podkarpackie,130837,1308,56086,43,151,143,7,1,0,621,51,567,3,0,0,31,0,18,13,96,263,285,91,31,6,0,6,100,0,0,0,0,0,3,0,0,0,0,0,0,6,97,0,7,88,13,7,16,14,0,0,19,9,109,0,0,2,50
80,lubanski,dolnośląskie,42830,428,54991,128,457,436,19,2,0,602,128,455,18,1,0,111,3,62,46,184,402,319,122,32,0,0,15,147,0,0,0,0,1,12,0,1,0,1,0,1,14,134,1,17,163,2,1,8,21,11,0,13,21,81,0,0,11,70
465,lubartowski,lubelskie,128874,1289,89040,69,386,360,25,1,0,578,52,520,6,0,0,18,1,12,5,138,315,347,134,25,5,0,10,194,0,2,0,0,1,15,0,2,0,1,0,0,9,176,0,23,125,5,1,15,3,0,0,12,10,182,2,0,15,82
479,lubelski,lubelskie,167953,1680,153380,91,497,472,24,0,1,992,62,917,12,1,0,60,2,31,27,176,609,506,171,24,3,0,11,413,0,2,0,1,1,11,0,1,0,2,0,1,10,398,1,33,210,3,9,23,17,2,0,13,14,444,0,1,6,52
88,lubinski,dolnośląskie,71162,712,106320,149,481,461,18,1,1,357,81,270,6,0,0,86,1,78,7,187,364,200,73,12,2,0,22,184,0,0,0,0,0,10,0,0,0,0,0,0,22,174,0,11,36,2,2,23,9,1,0,2,2,122,0,0,4,71
496,Lublin,lubelskie,14747,147,339850,2305,984,968,15,0,1,2051,421,1614,15,1,0,477,22,140,315,1217,1376,369,45,27,1,0,16,715,0,4,0,2,4,43,0,11,0,1,0,1,12,667,0,63,247,4,4,35,109,5,0,21,18,726,2,0,16,66
2114,lubliniecki,śląskie,82225,822,76768,93,208,199,7,1,1,886,60,819,7,0,0,102,0,40,62,149,465,368,90,18,2,2,5,149,0,0,0,0,2,10,0,2,0,0,0,0,3,139,0,14,60,5,3,13,9,0,0,2,6,151,4,0,4,82
505,lukowski,lubelskie,139421,1394,107896,77,274,261,13,0,0,562,43,510,9,0,0,55,4,31,20,112,302,273,120,27,2,0,8,220,0,1,0,1,1,8,0,0,0,0,0,0,7,211,0,30,54,1,0,21,8,0,0,2,2,170,4,0,3,59
93,lwowecki,dolnośląskie,70969,710,46360,65,369,343,26,0,0,469,58,398,12,1,0,33,0,25,8,86,276,303,144,26,2,1,9,115,0,0,0,0,1,5,0,0,0,0,0,0,8,110,0,16,123,1,0,12,9,1,0,13,22,91,1,0,9,40
1198,makowski,mazowieckie,106463,1065,45580,43,163,153,6,4,0,514,26,475,13,0,0,25,0,19,6,96,209,242,85,42,2,1,11,119,0,1,0,1,0,7,0,0,0,1,0,1,11,110,0,7,160,7,0,34,3,0,0,31,1,118,0,0,13,54
1946,malborski,pomorskie,49423,494,63911,129,265,256,9,0,0,540,40,494,6,0,0,49,2,29,18,229,315,185,63,11,0,2,10,102,0,1,0,1,1,5,0,0,0,0,0,0,9,96,0,9,56,3,0,18,23,0,0,0,1,106,2,0,10,58
985,miechowski,małopolskie,67629,676,49315,73,174,158,16,0,0,572,44,517,11,0,0,18,1,16,1,96,310,246,77,17,0,0,8,138,0,0,0,0,0,5,0,0,0,0,0,0,8,133,0,9,71,0,0,29,4,0,0,2,1,134,1,0,0,55
2599,miedzychodzki,wielkopolskie,73644,736,36987,50,159,150,8,1,0,446,36,397,12,1,0,35,1,31,3,119,246,169,56,13,2,0,9,90,0,0,0,0,0,2,0,0,0,0,0,0,9,88,0,11,85,1,0,11,6,0,0,4,3,100,0,0,7,60
627,miedzyrzecki,lubuskie,138761,1388,58249,42,344,327,15,2,0,566,119,445,2,0,0,77,1,66,10,167,315,285,118,24,1,0,13,144,0,1,0,0,2,14,0,0,0,0,0,0,11,129,0,14,119,10,0,7,6,0,0,11,4,157,0,0,18,60
1646,mielecki,podkarpackie,88050,880,136666,155,243,229,11,3,0,614,71,538,5,0,0,68,3,42,23,147,323,266,91,29,1,0,7,223,0,2,0,2,0,14,0,0,0,2,0,2,7,205,0,13,78,0,1,8,32,1,0,7,8,236,1,1,4,73
2123,mikolowski,śląskie,23310,233,97689,419,214,205,7,2,0,1073,67,996,10,0,0,124,6,99,19,208,633,356,61,27,2,0,3,176,0,0,0,0,0,11,0,0,0,0,0,0,3,165,0,22,99,0,2,24,29,0,0,4,28,182,3,0,5,55
99,milicki,dolnośląskie,71493,715,37125,52,262,246,14,2,0,495,76,413,6,0,0,29,3,23,3,64,301,268,104,19,1,0,5,85,0,1,0,1,0,5,0,0,0,0,0,0,5,79,0,1,102,0,0,4,3,1,0,2,4,96,0,0,5,36
1209,minski,mazowieckie,116372,1164,152945,131,518,478,38,1,1,1101,151,945,5,0,0,161,3,96,62,287,615,471,176,68,1,1,23,297,0,3,0,2,4,23,0,1,0,2,0,1,19,269,0,19,142,17,2,12,17,9,0,4,1,272,3,0,21,127
1223,mlawski,mazowieckie,118182,1182,73376,62,293,278,12,2,1,853,49,799,4,1,0,65,1,27,37,283,451,304,93,15,0,0,6,158,0,0,0,0,0,3,0,1,0,0,0,0,6,155,0,33,124,0,2,86,16,0,0,6,10,127,0,0,6,75
279,mogilenski,kujawsko-pomorskie,67512,675,46046,68,175,161,13,1,0,457,33,421,3,0,0,38,4,33,1,98,221,196,80,34,2,1,8,95,0,0,0,0,1,1,0,0,0,0,0,0,7,94,0,4,98,14,2,15,7,1,0,6,3,111,1,0,16,47
1812,moniecki,podlaskie,138179,1382,41011,30,138,130,6,2,0,322,49,271,2,0,0,14,1,13,0,56,140,148,89,26,1,0,8,96,0,3,0,2,2,11,0,1,0,1,0,1,6,81,0,8,123,2,0,35,0,2,0,23,1,58,0,0,12,51
2414,mragowski,warmińsko-mazurskie,106538,1065,50381,47,191,182,7,2,0,353,46,306,1,0,0,83,6,36,41,42,237,175,65,24,1,0,10,126,0,2,0,2,0,4,0,0,0,0,0,0,10,120,0,11,65,1,1,9,8,1,0,1,2,109,0,0,18,72
993,myslenicki,małopolskie,67308,673,126339,188,251,239,12,0,0,1078,98,976,2,2,0,98,2,72,24,226,591,418,69,20,5,0,9,292,0,0,0,0,2,8,0,0,0,0,0,0,7,284,0,65,72,5,4,55,7,0,0,0,1,396,0,2,6,103
2817,mysliborski,zachodniopomorskie,118240,1182,66648,56,509,468,36,5,0,667,73,589,5,0,0,34,0,32,2,292,449,308,93,28,5,1,10,186,0,1,0,1,0,9,0,3,0,1,0,1,10,175,0,12,71,9,4,20,9,0,0,1,3,114,1,0,11,86
2129,Myslowice,śląskie,6562,66,74647,1138,275,272,3,0,0,758,97,656,5,0,0,151,1,98,52,209,432,301,64,21,4,1,5,133,0,2,0,2,1,9,0,2,0,0,0,0,4,122,0,11,132,1,0,34,31,2,0,7,12,152,0,0,2,52
2131,myszkowski,śląskie,47925,479,71396,149,398,367,27,4,0,1230,140,1071,19,0,0,62,1,37,24,105,575,716,179,50,2,0,10,239,0,0,0,0,2,12,0,3,0,1,0,1,8,226,1,18,80,4,2,35,30,0,0,12,70,256,1,1,16,97
284,nakielski,kujawsko-pomorskie,112008,1120,86764,77,355,322,32,1,0,910,87,812,10,1,0,43,2,40,1,228,445,374,156,53,7,2,16,166,0,3,0,1,0,2,0,0,0,0,0,0,16,161,1,14,166,2,9,89,13,1,0,22,9,240,2,0,11,107
1501,namyslowski,opolskie,74818,748,42677,57,328,308,18,1,1,514,47,465,2,0,0,32,1,27,4,179,358,216,74,15,0,0,11,98,0,2,0,1,0,2,0,0,0,0,0,0,11,94,0,9,113,0,0,8,18,3,0,5,4,97,0,1,7,77
2420,nidzicki,warmińsko-mazurskie,96064,961,33239,35,171,164,7,0,0,243,29,214,0,0,0,12,1,10,1,68,156,133,42,15,0,0,9,58,0,0,0,0,1,1,0,0,0,0,0,0,8,57,0,4,58,8,1,15,6,0,0,2,1,67,0,0,3,30
1657,nizanski,podkarpackie,78564,785,66917,85,234,215,18,1,0,544,23,513,8,0,0,18,2,13,3,57,285,329,93,14,0,0,12,99,0,0,0,0,0,2,0,0,0,0,0,0,12,97,0,9,93,11,3,30,11,2,0,14,6,134,1,0,7,34
1234,nowodworski (mazowieckie),mazowieckie,69479,695,79298,114,454,429,23,2,0,831,213,611,7,0,0,121,3,88,30,219,532,397,111,20,4,2,18,154,0,1,0,1,0,2,0,0,0,1,0,0,18,150,0,12,122,4,0,17,9,2,0,5,2,230,1,0,11,49
1953,nowodworski (pomorskie),pomorskie,67408,674,35891,53,194,184,10,0,0,854,123,720,11,0,0,61,3,24,34,178,437,299,83,47,4,0,7,97,0,0,0,0,0,3,0,0,0,0,0,0,7,94,0,12,62,1,1,40,8,0,0,0,0,94,0,0,30,75
2425,nowomiejski,warmińsko-mazurskie,69393,694,44104,64,168,160,8,0,0,433,37,395,1,0,0,32,0,29,3,75,191,234,81,19,0,1,6,91,0,0,0,0,0,9,0,1,0,1,0,1,6,81,1,14,80,0,0,48,3,3,0,8,5,85,0,0,7,55
1003,nowosadecki,małopolskie,154980,1549,214999,139,688,666,21,1,0,1565,315,1236,14,0,0,157,8,44,105,334,896,698,256,63,6,0,24,389,0,1,0,1,3,12,0,1,0,3,0,2,21,373,2,56,128,20,17,84,228,1,0,2,50,424,1,0,20,152
634,nowosolski,lubuskie,77073,771,86949,113,479,445,30,4,0,617,146,468,3,0,0,73,0,67,6,173,399,383,108,33,0,0,17,156,0,0,0,0,1,9,0,0,0,0,0,0,16,147,0,14,88,1,1,15,19,1,0,3,1,144,5,0,10,108
1020,nowotarski,małopolskie,147499,1474,191266,130,465,422,38,4,1,1184,118,1049,17,0,0,168,9,94,65,213,602,560,198,72,3,1,20,323,0,1,0,0,3,14,0,0,0,3,0,2,17,305,3,30,76,127,4,194,168,1,0,8,5,410,5,1,20,118
2604,nowotomyski,wielkopolskie,101362,1014,75164,74,237,216,19,1,1,713,57,615,41,0,0,44,4,18,22,143,353,299,111,42,1,1,14,202,0,1,0,0,0,14,0,2,0,1,0,0,14,186,1,33,111,17,7,16,15,0,0,8,3,131,0,0,3,98
1035,Nowy Sacz,małopolskie,5758,58,84041,1460,193,192,1,0,0,696,181,511,4,0,0,139,8,19,112,273,390,165,49,12,0,0,3,202,0,0,0,0,1,10,0,1,0,0,0,0,2,192,0,40,27,0,1,3,127,0,0,1,0,232,0,0,4,60
1507,nyski,opolskie,122388,1224,137819,113,823,768,51,4,0,1105,104,982,17,2,0,73,3,60,10,407,723,523,209,62,3,1,22,258,0,2,0,0,1,11,0,0,0,2,0,0,21,243,2,22,223,61,5,106,37,8,0,19,3,190,1,1,24,147
2611,obornicki,wielkopolskie,71104,711,59726,84,211,202,7,1,1,709,100,596,13,0,0,41,1,27,13,178,380,261,83,18,0,0,10,113,0,0,0,0,2,5,0,0,0,0,0,0,8,108,1,7,119,13,5,8,7,0,0,2,10,129,0,0,7,75
112,olawski,dolnośląskie,52410,524,76505,146,660,640,20,0,0,535,98,421,16,0,0,72,3,44,25,321,516,242,83,28,5,0,15,154,0,0,0,0,0,10,0,0,0,1,0,1,15,143,0,13,62,1,0,24,11,14,0,11,6,158,0,0,12,63
2431,olecki,warmińsko-mazurskie,87360,874,34600,40,243,233,9,1,0,335,40,292,3,0,0,14,0,14,0,161,200,149,51,16,1,0,13,78,0,0,0,0,0,1,0,0,0,1,0,1,13,76,0,3,74,4,5,13,9,0,0,13,2,95,0,0,18,57
1517,oleski,opolskie,97338,973,64848,67,186,178,8,0,0,719,65,646,8,0,0,15,0,15,0,97,365,351,72,18,2,0,10,143,0,0,0,0,0,6,0,0,0,1,0,0,10,136,0,8,79,0,0,12,6,14,0,2,4,132,1,0,1,93
103,olesnicki,dolnośląskie,104931,1049,106907,102,528,499,29,0,0,676,87,573,16,0,0,23,2,14,7,234,523,297,126,24,0,0,22,249,0,1,0,0,4,9,0,0,0,1,0,1,18,238,0,24,134,2,0,45,13,1,0,9,3,208,4,1,2,150
1037,olkuski,małopolskie,61811,618,112539,182,494,463,31,0,0,995,103,882,10,0,0,33,4,22,7,224,696,415,129,24,0,1,10,199,0,1,0,1,1,15,0,2,0,1,0,1,9,182,0,10,65,1,7,44,9,2,0,5,7,229,0,0,7,107
2436,Olsztyn,warmińsko-mazurskie,8833,88,173070,1959,488,477,10,0,1,738,162,545,31,0,0,284,0,67,217,520,508,149,36,10,2,1,16,250,0,1,0,1,2,14,0,1,0,0,0,0,14,235,0,22,53,0,1,13,34,3,0,12,22,267,3,1,29,143
2438,olsztynski,warmińsko-mazurskie,283802,2837,125220,44,895,837,56,2,0,1200,298,880,22,0,0,105,5,43,57,272,718,736,246,117,5,1,32,334,0,4,0,2,6,15,0,0,0,2,0,1,26,313,0,47,236,12,2,65,26,3,0,16,83,349,2,1,64,175
2281,opatowski,świętokrzyskie,91090,911,53028,58,162,145,17,0,0,364,25,332,7,0,0,23,1,19,3,32,140,233,84,35,2,0,20,95,0,1,0,0,1,6,0,0,0,0,0,0,19,88,1,14,57,1,0,14,3,0,0,3,7,85,1,0,3,44
769,opoczynski,łódzkie,104019,1040,76984,74,297,288,8,1,0,724,19,688,17,0,0,41,0,28,13,118,408,384,92,18,1,0,18,168,0,0,0,0,1,1,0,0,0,1,0,1,17,166,0,14,46,5,3,22,6,0,0,5,16,142,1,0,6,102
1525,Opole,opolskie,14888,149,128140,861,419,405,14,0,0,716,185,525,5,1,0,237,2,108,127,300,553,214,38,29,1,0,17,204,0,3,0,3,3,16,0,0,0,1,0,1,14,184,0,12,68,1,1,11,31,6,0,9,34,160,1,0,19,121
517,opolski (lubelskie),lubelskie,81002,810,60266,74,271,247,22,2,0,378,35,342,1,0,0,15,3,12,0,34,251,241,93,29,1,0,11,69,0,1,0,0,1,7,0,1,0,1,0,1,10,60,0,7,89,0,3,22,13,0,0,12,6,69,0,0,11,30
1527,opolski (opolskie),opolskie,153430,1532,123612,81,529,505,22,1,1,742,78,646,18,0,0,79,3,68,8,156,422,490,163,38,0,2,21,215,0,3,0,1,5,6,0,0,0,1,0,1,16,205,0,15,236,2,3,37,16,10,0,13,9,204,0,2,16,117
2451,ostrodzki,warmińsko-mazurskie,176629,1766,105318,60,530,495,29,6,0,602,80,512,9,1,0,129,6,65,58,216,418,340,112,41,5,0,25,190,0,0,0,0,2,11,0,0,0,0,0,0,23,179,0,21,124,9,1,58,13,0,0,4,9,199,0,0,27,116
1241,ostrolecki,mazowieckie,209355,2092,88708,42,267,251,16,0,0,579,18,558,3,0,0,39,1,35,3,56,303,326,120,41,0,0,12,155,0,1,0,1,1,3,0,0,0,0,0,0,11,151,0,11,82,6,0,4,3,6,0,4,4,190,1,0,7,61
1253,Ostroleka,mazowieckie,3346,34,52451,1568,95,93,2,0,0,209,17,190,2,0,0,52,5,27,20,106,127,47,18,6,0,0,0,33,0,0,0,0,0,1,0,0,0,0,0,0,0,32,0,3,14,1,0,2,2,3,0,3,4,55,0,0,5,10
2290,ostrowiecki,świętokrzyskie,61678,617,111111,180,429,408,21,0,0,643,62,576,5,0,0,42,4,28,10,297,418,247,90,19,1,0,24,127,0,1,0,1,3,7,0,0,0,0,0,0,21,119,0,8,72,0,10,44,16,0,0,8,5,125,1,0,7,56
1255,ostrowski (mazowieckie),mazowieckie,121779,1218,73284,60,378,361,15,2,0,702,76,623,3,0,0,97,2,75,20,250,435,292,80,22,1,0,18,165,0,0,0,0,5,7,0,0,0,0,0,0,13,158,0,11,95,3,7,8,4,1,0,20,2,231,2,0,1,39
2615,ostrowski (wielkopolskie),wielkopolskie,116012,1160,161763,139,528,510,16,2,0,1655,92,1495,67,1,0,80,2,32,46,386,984,611,174,28,0,0,14,281,0,1,0,0,2,12,0,1,0,1,0,0,12,267,0,19,130,4,1,33,27,0,0,36,19,215,4,0,8,158
2624,ostrzeszowski,wielkopolskie,77263,773,55479,72,177,166,8,2,1,751,39,703,9,0,0,21,0,15,6,172,382,260,99,15,0,0,8,107,0,1,0,1,0,3,0,0,0,0,0,0,8,103,0,10,138,1,1,8,5,0,0,11,3,104,1,0,2,77
1044,oswiecimski,małopolskie,40558,406,154292,380,469,446,20,2,1,1075,209,858,8,0,0,108,5,66,37,357,619,374,147,42,5,0,7,281,0,2,0,1,1,13,0,2,0,0,0,0,6,266,1,22,78,4,3,69,88,3,0,12,22,267,3,0,33,120
1267,otwocki,mazowieckie,61592,616,123770,201,694,659,35,0,0,1036,103,920,13,0,0,284,19,150,115,213,728,578,175,32,2,1,25,256,0,1,0,1,2,9,0,0,0,2,0,2,23,244,0,21,102,0,1,45,28,5,0,6,8,299,5,2,11,162
778,pabianicki,łódzkie,49218,492,119285,242,380,363,14,3,0,1080,61,1005,14,0,0,91,8,59,24,414,675,280,67,23,1,0,23,164,0,0,0,0,2,10,0,0,0,1,0,0,21,153,0,10,86,4,2,60,10,1,0,9,15,153,1,0,6,118
786,pajeczanski,łódzkie,80382,804,51851,65,265,242,19,3,1,477,19,456,2,0,0,24,0,18,6,103,369,219,36,14,1,0,7,77,0,2,0,0,2,4,0,0,0,0,0,0,5,71,0,6,26,0,1,13,1,0,0,2,9,59,0,0,0,31
525,parczewski,lubelskie,95220,952,35140,37,144,136,8,0,0,340,34,305,1,0,0,16,1,13,2,64,150,182,71,10,3,4,4,56,0,0,0,0,2,4,0,0,0,0,0,0,2,52,0,5,71,2,1,3,2,0,0,3,1,62,0,0,7,12
1276,piaseczynski,mazowieckie,62100,621,182076,293,875,843,30,1,1,1389,175,1207,5,2,0,313,18,228,67,344,952,703,215,47,2,0,19,348,0,0,0,0,0,9,0,0,0,1,0,0,19,338,0,28,267,2,1,60,22,2,0,8,18,532,5,0,29,244
2137,Piekary Slaskie,śląskie,3998,40,55652,1392,357,352,4,1,0,631,78,546,7,0,0,82,3,69,10,255,445,221,45,16,4,2,3,81,0,1,0,0,2,8,0,0,0,0,0,0,1,72,0,12,69,0,6,17,42,0,0,19,25,99,0,0,0,28
2632,pilski,wielkopolskie,126821,1268,137104,108,519,497,21,1,0,1147,151,956,39,1,0,85,0,53,32,390,651,423,165,36,1,0,25,218,0,1,0,1,0,7,0,1,0,2,0,0,25,208,0,11,149,18,11,63,33,0,0,19,28,244,1,0,15,115
2297,pinczowski,świętokrzyskie,61285,613,39497,64,417,339,77,1,0,350,17,327,6,0,0,13,1,12,0,46,267,324,102,26,2,0,6,61,0,0,0,0,2,1,0,0,0,0,0,0,4,60,0,5,97,1,0,30,6,1,0,19,10,59,0,0,2,24
807,Piotrkow Trybunalski,łódzkie,6724,67,74312,1105,236,232,3,1,0,614,80,529,5,0,0,83,3,42,38,358,360,102,26,4,0,0,15,137,0,2,0,2,2,13,0,3,0,0,0,0,13,122,0,4,19,1,1,5,15,4,0,2,4,78,0,0,13,64
795,piotrkowski,łódzkie,142874,1429,91301,64,292,271,20,1,0,967,51,890,25,1,0,73,2,25,46,134,530,432,129,34,0,0,21,188,0,0,0,0,1,3,0,1,0,1,0,0,20,184,0,18,75,6,0,34,9,0,0,8,17,158,0,0,8,83
2461,piski,warmińsko-mazurskie,177458,1775,56933,32,249,228,20,1,0,569,38,522,9,0,0,34,2,29,3,87,276,293,121,38,3,0,12,116,0,0,0,0,1,4,0,2,0,3,0,3,11,109,0,12,114,20,1,15,3,0,0,2,5,156,0,0,35,64
2642,pleszewski,wielkopolskie,71307,713,63218,89,205,197,6,1,1,490,20,459,11,0,0,40,0,17,23,159,261,206,54,15,0,0,11,115,0,0,0,0,0,1,0,0,0,0,0,0,11,114,0,16,63,4,1,13,5,0,0,5,12,112,1,0,0,72
1283,Plock,mazowieckie,8804,88,120787,1372,366,364,2,0,0,1075,215,838,22,0,0,74,2,36,36,503,512,202,90,29,88,17,8,178,0,1,0,0,1,7,0,1,0,2,0,0,7,168,0,9,88,3,0,10,26,86,0,5,10,180,2,0,118,98
1285,plocki,mazowieckie,179663,1796,111226,62,462,435,25,2,0,1865,125,1729,10,1,0,26,1,20,5,299,922,801,237,66,2,0,25,227,0,0,0,0,3,6,0,0,0,1,0,0,22,220,1,10,445,58,3,81,12,3,0,0,9,260,0,1,20,134
1301,plonski,mazowieckie,137979,1380,87662,64,394,383,11,0,0,1137,89,1042,6,0,0,90,2,73,15,311,572,454,142,51,1,0,24,245,0,0,0,0,3,15,0,1,0,0,0,0,21,230,0,28,368,36,4,43,2,0,0,39,7,236,1,0,9,137
809,poddebicki,łódzkie,88121,881,41380,47,120,110,8,2,0,502,36,440,26,0,0,49,1,24,24,71,223,240,66,21,1,0,14,141,0,1,0,1,0,2,0,0,1,4,0,0,13,134,1,19,73,0,3,8,2,0,0,2,7,139,1,0,5,85
2823,policki,zachodniopomorskie,66533,665,78333,118,381,366,12,2,1,571,124,442,5,0,0,38,1,32,5,185,307,332,99,23,1,5,7,52,0,0,0,0,1,10,0,0,0,1,0,0,6,41,0,8,87,14,10,34,14,0,1,2,10,47,0,0,4,18
117,polkowicki,dolnośląskie,77946,779,63017,81,407,381,20,5,1,465,85,363,16,1,0,56,2,54,0,96,283,349,118,24,1,1,8,247,0,1,0,0,0,12,0,0,0,0,0,0,8,234,0,11,50,0,1,18,13,2,0,9,6,146,0,0,5,70
2649,Poznan,wielkopolskie,26191,262,538633,2057,1507,1490,12,4,1,2736,614,2027,93,2,0,972,14,339,619,1077,1852,1023,215,63,12,1,89,700,0,6,0,4,5,41,0,4,0,2,0,2,84,651,0,35,186,2,7,34,85,2,0,70,57,711,3,0,40,461
2651,poznanski,wielkopolskie,189988,1900,381630,201,1043,986,49,6,2,2720,332,2265,123,0,0,470,1,234,235,470,1473,1328,402,84,5,1,52,656,0,7,0,4,2,16,0,3,0,2,0,1,50,631,1,53,273,11,10,73,60,3,0,19,55,695,11,0,30,399
1054,proszowicki,małopolskie,41487,415,43658,105,148,134,14,0,0,415,26,381,8,0,0,25,0,17,8,59,211,211,59,23,0,0,3,105,0,0,0,0,0,2,0,0,0,1,0,1,3,102,0,14,99,0,3,61,64,0,0,17,8,117,0,0,2,54
1541,prudnicki,opolskie,57155,572,55748,98,240,230,7,3,0,467,36,428,3,0,0,25,1,24,0,158,274,195,61,17,2,0,8,117,0,2,0,2,0,7,0,0,0,0,0,0,8,108,0,9,77,2,3,29,25,0,0,2,1,78,0,0,4,62
1314,pruszkowski,mazowieckie,24630,246,162922,661,507,499,7,0,1,1107,184,922,1,0,0,193,4,169,20,315,702,456,117,24,0,0,9,211,0,0,0,0,0,10,0,1,0,1,0,1,9,200,0,20,88,0,0,10,25,4,0,12,17,450,4,0,12,141
1321,przasnyski,mazowieckie,121862,1219,52884,43,170,162,8,0,0,605,32,567,6,0,0,26,1,22,3,198,290,205,63,19,0,0,10,116,0,3,0,0,1,8,0,1,0,0,0,0,9,105,0,8,137,4,6,8,14,1,0,16,17,103,0,1,6,50
1665,przemyski,podkarpackie,121122,1211,74440,61,219,207,11,1,0,639,79,554,5,1,0,23,1,16,6,58,306,307,146,37,3,1,13,169,0,0,0,0,0,7,0,1,0,0,0,0,13,162,0,19,45,1,37,15,6,0,0,6,7,112,0,0,7,32
1676,Przemysl,podkarpackie,4617,46,61808,1339,142,139,3,0,0,595,135,459,1,0,0,41,1,26,14,273,294,116,46,8,0,0,10,81,0,0,0,0,1,7,0,0,0,0,0,0,9,74,1,6,47,16,31,17,17,0,0,15,3,87,1,0,4,46
1678,przeworski,podkarpackie,69802,698,78644,113,160,150,10,0,0,533,38,487,8,0,0,5,1,3,1,67,218,260,119,28,1,0,12,124,0,0,0,0,0,6,0,0,0,1,0,1,12,117,1,14,80,4,6,42,5,0,0,10,28,143,1,0,7,66
1329,przysuski,mazowieckie,80119,801,42116,53,274,247,27,0,0,355,17,334,4,0,0,28,4,23,1,34,196,241,114,42,2,0,8,82,0,0,0,0,1,6,0,0,0,0,0,0,7,76,0,8,30,1,6,27,3,0,0,3,0,80,2,0,5,35
2139,pszczynski,śląskie,47116,471,110626,235,253,243,10,0,0,864,101,727,36,0,0,119,1,52,66,122,420,434,122,18,1,0,11,298,0,1,0,0,1,35,0,5,0,0,0,0,10,262,1,22,115,10,2,143,33,6,0,8,6,302,3,0,12,124
1959,pucki,pomorskie,58118,581,84687,146,246,239,7,0,0,603,106,480,17,0,0,64,1,24,39,105,280,293,131,35,5,0,17,177,0,0,0,0,2,8,0,0,0,0,0,0,15,169,0,23,82,10,0,40,5,4,0,10,11,179,0,0,30,109
533,pulawski,lubelskie,93409,934,114198,122,430,409,21,0,0,729,94,631,4,0,0,77,2,38,37,220,428,362,104,36,9,0,16,273,0,2,0,0,4,11,0,0,0,1,0,0,12,259,0,16,127,4,1,15,6,3,0,3,7,277,0,1,7,63
1338,pultuski,mazowieckie,82742,827,51834,63,210,199,10,0,1,539,53,480,6,0,0,41,0,26,15,149,302,204,75,16,3,0,11,100,0,0,0,0,0,5,0,0,0,0,0,0,11,95,0,8,94,32,10,9,5,2,0,6,3,102,0,0,12,77
2828,pyrzycki,zachodniopomorskie,72600,726,39873,55,385,366,16,3,0,241,68,171,2,0,0,18,1,16,1,98,247,224,46,9,2,0,7,72,0,1,0,1,0,7,0,1,0,0,0,0,7,64,0,6,67,2,1,15,3,0,0,0,1,50,0,0,6,24
2146,raciborski,śląskie,54376,544,108918,200,299,287,10,2,0,951,104,817,28,2,0,144,10,87,47,269,538,306,84,48,5,0,10,196,0,4,0,3,1,14,0,3,0,0,0,0,9,178,0,23,98,2,0,27,73,0,0,16,15,196,6,0,8,108
1346,Radom,mazowieckie,11180,112,214566,1919,617,602,13,1,1,1329,205,1116,7,1,0,349,3,144,202,607,793,376,120,43,7,0,15,394,0,5,0,5,2,38,0,10,0,1,0,1,13,350,0,42,157,21,3,94,39,11,0,16,4,341,1,1,5,113
1348,radomski,mazowieckie,152978,1530,151955,99,796,769,26,1,0,977,65,881,31,0,0,119,1,62,56,178,658,624,252,60,1,0,25,365,0,1,0,0,0,15,0,0,0,2,0,2,25,347,0,27,129,17,5,82,14,1,0,7,1,340,4,0,13,111
816,radomszczanski,łódzkie,144257,1443,113923,79,414,381,31,1,1,1118,53,1054,11,0,0,81,1,49,31,162,579,550,203,36,2,0,25,338,0,1,0,1,1,26,0,7,0,3,0,3,24,308,1,38,55,4,0,47,21,2,0,12,8,190,0,0,5,150
290,radziejowski,kujawsko-pomorskie,60720,607,40898,67,135,122,12,0,1,507,57,448,2,0,0,32,1,15,16,72,192,215,134,27,2,0,8,76,0,0,0,0,0,8,0,0,0,0,0,0,8,68,0,5,82,11,3,60,0,1,0,11,3,86,0,0,5,29
545,radzynski,lubelskie,96506,965,59640,62,220,203,17,0,0,379,35,340,4,0,0,37,2,14,21,81,234,199,67,16,2,0,15,101,0,0,0,0,4,4,0,0,0,0,0,0,11,97,0,4,32,0,0,0,2,0,0,1,9,119,1,0,2,32
2669,rawicki,wielkopolskie,55352,554,60409,109,109,106,3,0,0,496,28,457,11,0,0,29,0,15,14,145,226,158,64,11,0,1,12,93,0,0,0,0,0,1,0,0,0,0,0,0,12,92,0,9,33,0,0,4,10,0,0,8,5,91,0,0,3,64
831,rawski,łódzkie,64620,646,48997,76,134,119,14,1,0,443,55,381,6,1,0,28,0,19,9,108,230,167,62,9,1,0,14,120,0,1,0,0,0,10,0,3,0,0,0,0,14,109,0,3,41,1,1,6,4,0,0,4,5,123,0,0,3,50
1688,ropczycko-sedziszowski,podkarpackie,54831,548,74198,135,128,118,9,0,1,566,54,507,5,0,0,35,0,20,15,46,267,269,82,27,3,0,7,147,0,0,0,0,0,3,0,0,0,0,0,0,7,144,0,16,47,5,3,18,10,1,0,11,13,176,0,0,5,66
2155,Ruda Slaska,śląskie,7773,78,138578,1783,643,638,5,0,0,1045,152,871,22,0,0,182,11,102,69,574,709,319,69,11,4,1,12,265,0,0,0,0,3,29,0,4,0,0,0,0,9,236,0,33,157,4,0,39,144,0,0,9,14,210,3,0,1,144
2157,rybnicki,śląskie,22364,224,77942,349,213,206,7,0,0,574,45,520,9,0,0,45,4,36,5,96,374,266,40,10,1,0,7,106,0,1,0,0,2,8,0,0,0,0,0,0,5,97,0,6,33,0,0,9,11,0,0,4,13,111,1,0,0,34
2163,Rybnik,śląskie,14836,148,139129,938,397,393,4,0,0,844,128,703,13,0,0,120,6,57,57,299,570,272,63,36,0,1,5,250,0,1,0,1,0,19,0,1,0,2,0,1,5,228,0,34,68,1,0,3,52,1,0,3,14,198,0,0,9,127
554,rycki,lubelskie,61453,615,56765,92,192,179,12,1,0,604,74,525,5,0,0,32,1,31,0,115,274,252,93,62,0,0,11,132,0,0,0,0,1,1,0,0,0,0,0,0,10,131,0,4,70,4,7,57,9,0,0,11,6,158,4,0,7,67
298,rypinski,kujawsko-pomorskie,58647,586,44029,75,157,150,7,0,0,639,47,591,1,0,0,15,4,11,0,221,333,161,69,12,0,0,7,90,0,0,0,0,2,5,0,0,0,1,0,0,5,84,0,11,105,1,5,31,1,1,0,11,2,90,0,0,3,27
1709,Rzeszow,podkarpackie,12041,120,189662,1575,302,293,9,0,0,719,86,621,12,0,0,243,4,52,187,226,542,198,47,8,0,0,13,217,0,1,0,1,2,11,0,0,0,1,0,1,11,204,0,17,82,3,5,19,39,3,4,13,15,201,4,0,18,56
1694,rzeszowski,podkarpackie,115333,1153,169165,147,421,396,24,1,0,682,32,629,21,0,0,66,5,26,35,69,413,455,125,41,0,0,7,263,0,0,0,0,0,16,0,4,0,0,0,0,7,247,0,25,105,8,11,29,21,5,0,15,17,228,0,3,13,48
2303,sandomierski,świętokrzyskie,67589,676,78405,116,377,351,26,0,0,586,42,535,9,0,0,21,1,19,1,93,342,369,129,29,0,1,19,172,0,1,0,0,1,6,0,0,0,2,0,1,18,163,0,12,109,1,2,45,12,1,0,9,10,116,1,0,14,63
1711,sanocki,podkarpackie,115643,1156,95035,82,253,247,5,0,1,1054,131,919,4,0,0,53,6,33,14,204,536,397,116,52,2,0,12,214,0,1,0,0,1,6,0,1,0,3,0,3,11,204,0,20,80,16,74,32,19,0,0,8,23,199,2,0,9,69
1820,sejnenski,podlaskie,85517,855,20270,24,66,58,8,0,0,191,42,148,1,0,0,11,0,8,3,28,83,80,44,22,0,0,4,31,0,0,0,0,1,3,0,0,0,0,0,0,3,28,0,0,47,0,1,9,1,0,0,2,2,36,0,0,18,12
305,sepolenski,kujawsko-pomorskie,79109,791,41373,52,137,121,16,0,0,735,38,692,5,0,0,15,2,10,3,202,350,224,68,27,1,0,2,95,0,0,0,0,0,2,0,0,0,0,0,0,2,93,0,8,121,4,0,61,14,0,0,9,6,127,0,0,10,55
1362,Siedlce,mazowieckie,3186,32,77653,2437,161,156,5,0,0,536,108,428,0,0,0,158,5,48,105,245,308,104,31,9,0,0,5,127,0,0,0,0,0,10,0,0,0,0,0,0,5,117,0,13,60,1,0,10,7,1,0,6,11,127,1,0,10,60
1364,siedlecki,mazowieckie,160348,1603,81402,51,413,387,26,0,0,902,73,825,3,1,0,42,0,34,8,106,497,533,163,14,1,0,13,236,0,1,0,1,1,10,0,0,0,0,0,0,12,225,1,21,156,7,3,18,2,2,0,3,4,219,2,0,4,82
2165,Siemianowice Slaskie,śląskie,2550,25,67523,2648,501,494,6,0,1,490,74,403,13,0,0,98,3,44,51,497,354,117,19,3,1,0,2,126,0,4,0,4,0,29,0,8,0,1,0,1,2,92,0,10,72,0,0,7,77,0,0,10,38,67,3,0,1,57
1826,siemiatycki,podlaskie,145946,1459,45191,31,183,174,9,0,0,420,34,382,4,0,0,11,0,10,1,85,231,204,66,14,0,2,10,100,0,0,0,0,5,4,0,0,0,0,0,0,5,96,0,6,94,4,34,29,1,0,0,9,5,83,0,0,6,41
838,sieradzki,łódzkie,149083,1491,118692,80,492,440,47,3,2,777,96,662,19,0,0,69,3,38,28,180,501,429,131,28,0,0,22,207,0,0,0,0,1,14,0,5,0,1,0,1,21,192,0,17,93,0,1,37,6,3,0,7,19,193,1,0,11,86
1378,sierpecki,mazowieckie,85204,852,52559,62,177,163,14,0,0,475,44,427,4,0,0,10,2,7,1,104,282,185,58,22,1,0,12,87,0,0,0,0,0,4,0,0,0,1,0,0,12,82,1,16,29,12,4,6,6,0,0,7,1,120,2,0,6,62
2313,skarzyski,świętokrzyskie,39543,395,75673,191,445,435,10,0,0,537,64,469,4,0,0,24,2,16,6,82,407,380,91,22,0,0,11,131,0,3,0,3,1,9,0,0,0,1,0,1,10,118,0,3,37,0,1,6,22,0,0,7,8,119,4,0,8,42
850,Skierniewice,łódzkie,3460,35,48308,1396,134,131,3,0,0,410,37,366,6,1,0,33,1,26,6,192,219,97,29,6,1,0,10,78,0,0,0,0,0,6,0,0,0,0,0,0,10,72,0,4,16,1,0,23,9,0,0,2,10,60,0,0,2,52
852,skierniewicki,łódzkie,75338,753,38224,51,149,138,10,1,0,497,19,467,11,0,0,29,0,25,4,72,286,227,49,11,1,0,11,76,0,0,0,0,1,6,0,0,0,1,0,0,10,69,0,4,58,0,0,10,3,1,0,1,7,88,1,0,4,47
2835,slawienski,zachodniopomorskie,104320,1043,56764,54,289,277,10,2,0,540,70,466,3,1,0,40,0,38,2,201,319,204,76,28,1,0,16,138,0,1,0,0,2,8,0,0,0,0,0,0,14,129,0,11,67,3,0,16,24,0,0,0,0,101,1,0,16,69
643,slubicki,lubuskie,99929,999,47068,47,536,501,27,7,1,500,72,425,3,0,0,103,2,76,25,235,373,323,68,32,4,1,11,117,0,1,0,0,3,12,0,0,0,0,0,0,8,104,0,2,32,0,0,11,6,0,0,4,6,119,2,0,3,50
2675,slupecki,wielkopolskie,83801,838,59576,71,186,166,17,2,1,707,49,635,22,1,0,41,0,23,18,102,325,356,79,27,3,1,4,116,0,2,0,2,0,4,0,0,0,0,0,0,4,110,0,4,84,1,6,8,6,1,0,6,2,85,0,0,16,65
1967,Slupsk,pomorskie,4315,43,91465,2120,261,261,0,0,0,487,74,406,7,0,0,93,3,58,32,356,289,81,19,3,0,0,8,171,0,0,0,0,0,21,0,4,0,0,0,0,8,150,1,8,26,3,0,7,25,0,0,11,7,123,0,0,13,78
1969,slupski,pomorskie,230424,2304,98737,43,391,368,21,2,0,695,62,614,19,0,0,59,0,39,20,107,426,400,129,24,0,0,11,216,0,9,0,3,1,16,0,3,0,1,0,0,10,190,0,32,108,17,0,48,14,2,0,11,4,168,0,1,15,64
1386,sochaczewski,mazowieckie,73480,735,85175,116,674,644,29,1,0,894,90,800,4,0,0,130,3,52,75,345,713,378,108,23,1,0,6,190,0,0,0,0,0,6,0,0,0,0,0,0,6,184,0,10,138,6,0,38,12,3,0,8,14,210,0,0,1,125
1395,sokolowski,mazowieckie,113117,1131,54604,48,203,191,10,2,0,705,91,607,7,0,0,97,1,19,77,195,300,261,106,44,0,2,10,145,0,1,0,0,4,6,0,0,0,0,0,0,6,138,0,16,158,6,6,22,6,25,0,4,5,103,0,0,21,68
1836,sokolski,podlaskie,205450,2055,68188,33,318,287,28,3,0,443,61,370,12,0,0,21,4,15,2,130,284,243,75,26,1,2,22,101,0,2,0,0,10,10,0,1,0,1,0,0,12,88,0,8,88,6,1,16,5,0,0,9,17,113,3,0,7,37
1980,Sopot,pomorskie,1728,17,36533,2114,94,94,0,0,0,431,187,236,8,0,0,118,0,37,81,168,162,70,58,64,3,0,4,57,0,0,0,0,0,3,0,0,0,0,0,0,4,54,0,6,19,0,5,4,12,3,0,1,3,43,2,0,5,38
2167,Sosnowiec,śląskie,9106,91,204013,2240,815,797,18,0,0,1310,241,1051,17,1,0,450,11,317,122,446,1005,476,137,54,5,2,8,298,0,3,0,3,3,29,0,2,0,1,0,1,5,265,0,28,163,3,0,30,94,1,0,23,16,352,3,0,3,161
130,sredzki (dolnoslaskie),dolnośląskie,70414,704,53722,76,484,459,23,1,1,449,104,323,22,0,0,60,0,53,7,124,333,345,100,30,1,0,16,229,0,1,0,1,2,3,0,0,0,1,0,1,14,224,0,23,27,0,3,5,13,3,0,7,1,193,1,0,4,126
2693,sredzki (wielkopolskie),wielkopolskie,62386,624,58155,93,207,193,13,1,0,630,39,564,26,1,0,55,1,32,22,176,325,218,87,30,1,0,11,140,0,0,0,0,0,2,0,0,0,2,0,0,11,136,0,7,36,1,0,15,4,0,0,4,6,121,5,0,1,82
2699,sremski,wielkopolskie,57410,574,61229,107,193,181,9,2,1,691,35,639,17,0,0,38,0,24,14,174,364,257,64,20,0,5,6,110,0,2,0,0,2,2,0,0,0,1,0,1,4,105,0,7,38,0,0,32,6,0,0,4,6,97,0,0,5,66
1720,stalowowolski,podkarpackie,83174,832,107138,129,371,348,21,2,0,802,109,684,9,0,0,30,1,26,3,210,457,357,103,45,1,0,18,172,0,0,0,0,3,8,0,0,0,1,0,1,15,163,1,22,81,6,0,58,29,0,0,15,15,165,1,0,12,54
2319,starachowicki,świętokrzyskie,52341,523,90888,174,317,304,12,1,0,629,83,533,13,0,0,34,2,30,2,148,394,293,102,8,0,1,15,176,0,3,0,3,1,10,0,1,0,0,0,0,14,163,0,12,32,3,1,105,16,1,0,6,10,115,2,0,6,51
2842,stargardzki,zachodniopomorskie,151994,1520,120091,79,814,785,25,3,1,599,103,493,3,0,0,87,3,60,24,383,539,371,96,22,2,0,12,158,0,0,0,0,1,5,0,0,0,0,0,0,11,153,0,19,109,16,7,27,7,0,0,1,4,153,3,0,19,52
1982,starogardzki,pomorskie,134534,1345,127868,95,495,469,24,1,1,1175,160,984,31,0,0,40,4,27,9,328,647,468,185,37,1,4,33,274,0,5,0,1,0,5,0,1,0,1,0,0,33,263,1,12,98,13,2,79,22,2,0,6,6,247,1,0,20,175
2325,staszowski,świętokrzyskie,92480,925,72456,78,317,299,16,2,0,494,34,450,10,0,0,12,1,10,1,82,305,312,81,28,2,1,16,79,0,0,0,0,2,2,0,0,0,1,0,0,14,76,0,5,82,0,0,9,2,2,0,8,3,81,2,1,10,48
1546,strzelecki,opolskie,74427,744,74871,101,255,245,9,1,0,534,37,490,7,0,0,58,1,52,5,153,320,231,70,15,0,0,7,166,0,0,0,0,0,12,0,3,0,1,0,0,7,153,0,17,68,0,2,41,26,6,0,4,4,124,0,0,2,74
649,strzelecko-drezdenecki,lubuskie,124786,1248,49701,40,432,415,15,2,0,438,32,405,1,0,0,51,4,45,2,154,271,290,122,32,1,0,8,53,0,4,0,2,0,3,0,0,0,0,0,0,8,46,0,8,118,5,11,19,3,1,0,1,0,62,1,0,7,32
124,strzelinski,dolnośląskie,62206,622,44006,71,331,311,20,0,0,393,81,299,13,0,0,42,0,40,2,113,292,225,67,24,3,0,12,124,0,0,0,0,3,3,0,0,0,0,0,0,9,121,0,4,42,0,2,11,6,1,0,7,2,107,0,0,1,69
1727,strzyzowski,podkarpackie,50347,503,61690,123,99,91,8,0,0,852,55,783,13,1,0,14,1,12,1,97,347,368,109,30,0,0,10,167,0,1,0,0,0,2,0,0,0,0,0,0,10,164,0,21,93,25,33,48,17,2,0,12,15,152,2,0,2,103
655,sulecinski,lubuskie,117780,1178,35351,30,312,300,10,2,0,704,55,648,1,0,0,51,1,39,11,245,373,298,77,20,1,2,10,62,0,0,0,0,0,3,0,0,0,1,0,0,10,58,0,5,127,1,2,4,0,0,0,8,4,76,1,0,10,46
1061,suski,małopolskie,68571,686,84317,123,213,201,12,0,0,784,94,683,7,0,0,37,1,31,5,112,355,368,121,39,2,0,6,149,0,1,0,0,2,12,0,0,0,0,0,0,4,136,0,15,51,3,19,11,114,0,0,8,7,174,0,0,6,73
1857,Suwalki,podlaskie,6551,66,69554,1062,223,220,2,1,0,378,122,254,2,0,0,111,4,39,68,316,202,63,13,7,0,0,4,96,0,0,0,0,0,12,0,0,0,0,0,0,4,84,0,8,10,1,0,10,7,1,0,3,5,106,1,0,4,23
1847,suwalski,podlaskie,130700,1307,35955,28,178,164,11,2,1,293,72,211,10,0,0,14,1,10,3,61,147,163,76,23,1,0,7,94,0,1,0,0,3,2,0,0,0,2,0,0,4,89,0,2,48,4,4,9,2,3,0,2,1,101,1,0,16,36
136,swidnicki (dolnoslaskie),dolnośląskie,74114,741,158392,214,941,891,47,3,0,972,262,653,56,1,0,147,6,108,33,478,798,482,105,45,5,0,17,288,0,2,0,2,1,16,0,4,0,0,0,0,16,270,0,20,98,1,0,48,39,5,0,15,14,230,0,0,31,153
561,swidnicki (lubelskie),lubelskie,46835,468,72412,155,299,266,33,0,0,360,61,296,3,0,0,26,0,20,6,104,280,184,69,22,0,0,6,120,0,2,0,0,0,9,0,0,0,0,0,0,6,109,0,10,49,0,0,1,10,0,0,6,6,127,4,0,9,26
2862,swidwinski,zachodniopomorskie,109306,1093,47643,44,325,304,18,3,0,433,70,362,1,0,0,43,0,35,8,141,286,230,78,22,1,0,11,70,0,0,0,0,1,4,0,0,0,0,0,0,10,66,2,3,69,1,0,15,8,0,0,2,2,76,3,0,5,33
661,swiebodzinski,lubuskie,93657,937,56095,60,249,230,15,3,1,680,95,584,1,0,0,42,1,33,8,174,380,292,65,15,1,2,5,104,0,1,0,1,0,2,0,0,0,0,0,0,5,101,0,6,115,4,2,20,20,1,0,11,6,142,3,0,6,55
310,swiecki,kujawsko-pomorskie,147418,1474,99505,67,512,492,18,2,0,1175,74,1087,14,0,0,61,11,42,8,287,639,496,213,49,2,1,18,311,0,3,0,1,0,12,0,0,0,2,0,0,18,294,0,31,229,49,6,136,23,1,0,26,27,352,4,0,15,137
2169,Swietochlowice,śląskie,1331,13,50385,3785,262,260,2,0,0,437,71,357,9,0,0,79,4,62,13,172,329,157,25,15,0,1,4,126,0,0,0,0,1,18,0,5,0,1,0,1,3,107,0,29,65,0,0,14,65,2,0,11,21,62,0,0,3,83
2869,Swinoujscie,zachodniopomorskie,20207,202,41032,203,226,223,2,1,0,539,234,305,0,0,0,106,0,60,46,346,257,87,28,37,1,9,9,91,0,0,0,0,0,3,0,0,0,0,0,0,9,88,0,3,41,0,2,1,7,0,0,23,1,28,1,0,5,72
2684,szamotulski,wielkopolskie,111929,1119,90920,81,346,329,14,3,0,1177,104,1054,19,0,0,61,1,32,28,288,607,448,136,38,5,1,21,181,0,0,0,0,1,3,0,0,0,1,0,1,20,177,0,11,160,6,3,70,4,0,0,13,24,207,3,0,6,126
2853,Szczecin,zachodniopomorskie,30060,301,403883,1344,1456,1431,19,5,1,1469,345,1097,27,0,0,183,7,154,22,1171,1214,422,94,21,3,0,17,227,0,5,0,5,4,29,0,0,0,6,0,3,13,187,0,20,103,1,13,22,81,2,0,11,9,212,1,0,29,98
2855,szczecinecki,zachodniopomorskie,176542,1766,78232,44,352,336,16,0,0,556,101,452,3,0,0,89,0,85,4,184,332,296,82,14,0,0,13,122,0,1,0,1,0,7,0,0,0,2,0,1,13,112,1,16,51,9,1,34,31,3,0,3,0,105,1,0,16,58
2466,szczycienski,warmińsko-mazurskie,193321,1933,70153,36,305,286,19,0,0,540,87,447,6,0,0,73,2,39,32,132,247,289,108,67,2,0,12,167,0,2,0,3,2,5,0,1,0,1,0,1,10,159,0,12,73,8,1,45,10,0,0,3,1,192,1,0,24,123
1996,sztumski,pomorskie,73074,731,41946,57,203,195,8,0,0,368,34,328,6,0,0,21,1,18,2,94,213,190,59,14,1,0,5,98,0,1,0,0,1,15,0,0,0,1,0,1,4,81,0,9,64,0,2,13,9,0,0,3,2,67,0,0,7,48
1405,szydlowiecki,mazowieckie,45181,452,39938,88,404,379,25,0,0,342,16,322,4,0,0,38,3,32,3,136,337,211,54,8,0,0,2,38,0,0,0,0,1,3,0,0,0,0,0,0,1,35,0,2,23,1,1,5,2,0,0,2,4,49,0,0,5,17
1733,Tarnobrzeg,podkarpackie,8540,85,47387,555,170,163,6,0,1,345,48,295,2,0,0,26,0,14,12,173,204,89,44,5,0,0,5,82,0,0,0,0,0,5,0,0,0,0,0,0,5,77,0,5,56,0,0,45,13,0,0,7,7,66,0,0,6,31
1735,tarnobrzeski,podkarpackie,52106,521,53388,102,369,331,36,2,0,310,20,280,10,0,0,18,2,15,1,66,264,235,84,30,0,0,1,98,0,0,0,0,0,4,0,0,0,0,0,0,1,94,0,16,35,1,0,8,5,0,0,1,3,84,3,0,3,20
2171,tarnogorski,śląskie,64419,644,139300,216,451,437,10,4,0,2072,150,1887,34,1,0,186,1,131,54,403,1202,703,171,37,4,2,9,276,0,0,0,0,2,26,0,9,0,1,0,1,7,249,0,26,282,18,2,117,39,0,0,20,30,337,0,0,16,93
1088,Tarnow,małopolskie,7238,72,109650,1515,192,188,4,0,0,576,107,462,7,0,0,70,3,35,32,212,360,141,43,12,0,0,3,133,0,0,0,0,1,6,0,2,0,1,0,1,2,126,0,15,28,1,0,6,128,6,0,2,4,151,0,0,7,53
1071,tarnowski,małopolskie,141158,1412,201268,143,433,408,24,1,0,914,101,792,21,0,0,50,5,40,5,135,442,537,181,51,1,0,15,260,0,1,0,1,1,11,0,0,0,3,0,1,14,245,0,22,184,1,1,23,194,1,0,6,6,323,4,0,13,88
1090,tatrzanski,małopolskie,47165,472,68034,144,189,176,11,2,0,925,318,602,5,0,0,169,4,74,91,179,369,390,128,43,4,1,3,121,0,1,0,0,0,7,0,0,0,0,0,0,3,113,0,8,106,100,1,143,5,1,0,12,205,177,0,0,8,79
2002,tczewski,pomorskie,69711,697,115896,166,465,443,21,1,0,1071,130,924,17,0,0,54,0,23,31,354,622,392,129,36,3,0,21,252,0,4,0,3,6,22,0,5,0,1,0,1,15,225,0,19,82,4,2,52,18,0,0,17,12,239,3,0,20,152
567,tomaszowski (lubelskie),lubelskie,148889,1489,84429,57,182,168,14,0,0,605,39,561,4,1,0,40,1,18,21,95,282,290,98,20,2,0,8,134,0,0,0,0,4,8,0,0,0,2,0,2,4,124,0,17,68,1,3,41,12,0,0,10,10,121,0,0,2,36
862,tomaszowski (lodzkie),łódzkie,102479,1025,117852,115,408,390,16,2,0,1091,96,978,17,0,0,55,1,40,14,237,704,405,112,36,4,0,28,164,0,3,0,1,1,6,0,0,0,1,0,1,27,154,0,8,90,3,1,41,16,2,0,11,9,140,1,0,18,107
322,Torun,kujawsko-pomorskie,11572,116,202562,1750,728,712,12,4,0,1143,189,947,7,0,0,325,9,180,136,744,708,268,99,50,2,0,14,210,0,1,0,1,4,9,0,0,0,2,0,1,10,198,0,26,242,0,4,28,44,8,0,18,8,223,0,2,19,79
324,torunski,kujawsko-pomorskie,123042,1230,105631,86,463,434,21,6,2,1422,135,1279,7,1,0,74,4,55,15,271,793,597,167,46,7,4,16,208,0,3,0,2,0,5,0,0,0,1,0,0,16,199,1,25,299,56,7,74,16,2,0,41,11,242,3,0,14,88
145,trzebnicki,dolnośląskie,102478,1025,84495,82,572,530,39,3,0,651,103,529,19,0,0,52,2,38,12,64,422,558,153,25,0,0,17,212,0,2,0,2,2,11,0,1,0,4,0,0,15,195,0,7,106,1,0,30,7,0,0,9,22,182,0,0,4,119
334,tucholski,kujawsko-pomorskie,107546,1075,48438,45,168,156,9,3,0,560,55,504,1,0,0,20,1,13,6,171,272,184,73,27,0,0,2,98,0,1,0,0,0,10,0,4,0,0,0,0,2,87,0,11,79,6,5,13,4,1,0,11,2,108,1,0,3,40
2704,turecki,wielkopolskie,92943,929,84267,91,211,203,8,0,0,525,48,461,14,2,0,23,3,12,8,66,268,297,81,22,2,0,11,132,0,0,0,0,0,9,0,0,0,0,0,0,11,123,0,11,81,1,2,32,5,0,0,13,4,147,0,0,9,89
2181,Tychy,śląskie,8181,82,128211,1567,298,294,4,0,0,1078,187,880,11,0,0,272,7,154,111,413,658,224,54,21,1,5,10,141,0,1,0,1,0,9,0,1,0,0,0,0,10,131,0,19,88,2,0,12,89,8,0,10,35,225,0,0,15,101
341,wabrzeski,kujawsko-pomorskie,50195,502,34612,69,101,93,6,2,0,608,30,573,5,0,0,14,3,11,0,178,307,144,72,8,0,0,4,54,0,0,0,0,0,3,0,0,0,0,0,0,4,51,0,11,89,12,0,37,8,0,0,10,1,60,0,0,4,26
1096,wadowicki,małopolskie,64588,646,159938,248,461,445,16,0,0,1144,171,949,23,1,0,127,2,68,57,270,605,527,169,31,2,1,16,269,0,0,0,0,2,7,0,1,0,3,0,2,14,259,0,40,150,3,4,29,68,1,0,14,38,374,3,0,9,174
2714,wagrowiecki,wielkopolskie,103965,1040,70212,68,237,214,18,5,0,832,63,763,6,0,0,57,3,30,24,208,458,321,62,19,1,0,5,159,0,1,0,1,1,7,0,0,0,2,0,0,4,149,0,9,90,9,7,19,8,0,0,13,9,104,2,0,11,74
152,Walbrzych,dolnośląskie,8470,85,113621,1341,715,696,18,1,0,628,134,477,17,0,0,118,5,62,51,438,575,238,74,15,3,0,18,167,0,0,0,0,1,19,0,5,0,0,0,0,17,148,0,9,76,0,0,5,41,4,0,13,3,76,1,0,5,69
154,walbrzyski,dolnośląskie,43022,430,56446,131,473,452,17,3,1,376,58,305,13,0,0,67,3,36,28,76,289,314,119,45,5,1,10,101,0,1,0,1,1,7,0,1,0,0,0,0,9,93,0,7,82,0,1,7,19,8,0,5,10,77,0,2,6,44
2871,walecki,zachodniopomorskie,141498,1415,53738,38,228,215,12,1,0,530,91,432,7,0,0,31,5,23,3,130,295,241,72,20,0,0,3,116,0,0,0,0,0,7,0,2,0,1,0,1,3,108,0,6,75,4,23,75,11,0,0,4,1,99,0,0,7,33
1411,Warszawa,mazowieckie,51724,517,1764615,3412,4484,4442,40,2,0,7953,1910,5793,244,6,0,3878,86,1030,2762,3971,5587,2206,532,124,16,1,56,1072,0,16,0,11,23,118,0,6,0,2,0,1,33,936,1,85,1021,9,11,102,291,42,0,82,71,1524,11,28,74,559
1413,warszawski zachodni,mazowieckie,53379,534,115466,216,501,482,19,0,0,914,88,814,12,0,0,226,4,131,91,362,589,366,83,15,0,0,14,187,0,0,0,0,2,9,0,0,0,1,0,1,12,177,0,16,171,8,2,22,21,1,0,4,17,291,4,1,2,154
2475,wegorzewski,warmińsko-mazurskie,69322,693,23068,33,123,117,6,0,0,341,46,292,3,0,0,16,0,13,3,100,205,107,34,16,2,0,4,40,0,0,0,0,0,1,0,0,0,0,0,0,4,39,0,0,56,0,2,6,12,3,0,2,3,33,0,0,15,29
1421,wegrowski,mazowieckie,122076,1221,66508,54,383,355,28,0,0,684,80,603,1,0,0,48,4,17,27,119,430,361,118,38,1,0,10,149,0,3,0,0,1,10,0,0,0,0,0,0,9,136,0,13,97,14,0,2,7,0,0,5,8,148,0,0,4,66
2009,wejherowski,pomorskie,128525,1285,213803,166,547,530,16,1,0,1351,227,1102,21,1,0,70,8,46,16,280,689,626,266,36,1,0,25,449,0,4,0,2,0,29,0,13,0,1,0,1,25,415,0,61,121,18,3,90,24,1,0,11,22,483,4,0,25,292
1107,wielicki,małopolskie,41078,411,125197,305,484,474,9,1,0,1146,141,994,11,0,0,149,1,92,56,318,673,480,127,31,0,0,6,173,0,0,0,0,0,5,0,0,0,0,0,0,6,168,0,16,91,1,1,52,31,3,0,13,8,351,1,0,4,72
874,wielunski,łódzkie,92648,926,77017,83,265,246,18,0,1,748,50,692,6,0,0,38,2,15,21,183,418,291,86,33,2,0,10,112,0,0,0,0,4,8,0,0,0,0,0,0,6,104,0,2,118,7,0,6,2,0,0,25,15,108,0,0,2,50
885,wieruszowski,łódzkie,57713,577,42255,73,249,226,18,5,0,412,17,387,8,0,0,27,1,24,2,76,252,228,79,23,2,1,6,79,0,0,0,0,0,10,0,0,0,0,0,0,6,69,0,6,62,2,1,3,2,0,0,9,8,118,0,1,1,27
347,Wloclawek,kujawsko-pomorskie,8432,84,111752,1325,411,410,1,0,0,558,112,444,2,0,0,89,4,44,41,402,382,134,33,18,0,0,5,101,0,0,0,0,1,4,0,1,0,0,0,0,4,97,0,7,46,0,0,58,9,0,0,3,1,93,0,0,12,63
349,wloclawski,kujawsko-pomorskie,147363,1474,86604,59,329,308,17,4,0,900,74,815,11,0,0,29,3,22,4,110,439,448,171,56,5,0,13,231,0,1,0,0,1,11,0,1,0,1,0,0,12,218,0,23,158,17,2,66,4,1,0,32,7,202,2,0,29,91
581,wlodawski,lubelskie,125642,1256,38853,31,139,129,9,1,0,276,28,243,5,0,0,56,0,32,24,60,124,153,57,21,0,0,1,83,0,0,0,0,0,3,0,0,0,0,0,0,1,80,0,9,61,0,1,7,1,0,0,5,3,83,0,0,7,28
2334,wloszczowski,świętokrzyskie,90786,908,45521,50,194,186,6,2,0,351,15,332,4,0,0,26,0,25,1,29,187,241,67,21,0,0,9,71,0,0,0,0,0,2,0,0,0,2,0,2,9,67,1,0,73,0,4,10,5,1,0,11,4,82,1,0,2,47
2183,wodzislawski,śląskie,28675,287,157767,550,437,430,6,1,0,1368,102,1241,24,1,0,157,9,97,51,250,904,512,120,17,1,1,14,261,0,1,0,0,2,10,0,0,0,1,0,0,12,249,0,30,82,0,1,34,53,2,0,22,40,262,1,0,8,137
1431,wolominski,mazowieckie,95356,954,241890,254,1239,1162,74,2,1,1375,207,1163,4,1,0,263,12,170,81,303,1090,853,291,73,4,0,32,355,0,3,0,3,3,14,0,0,0,0,0,0,29,338,2,32,148,11,4,21,15,22,0,8,11,448,7,2,18,136
163,wolowski,dolnośląskie,67496,675,47124,70,294,270,22,2,0,335,70,256,9,0,0,20,2,16,2,83,232,213,85,11,4,1,9,93,0,1,0,1,2,1,0,0,0,0,0,0,7,91,0,5,16,2,0,15,9,0,0,3,2,70,0,0,5,58
2722,wolsztynski,wielkopolskie,67973,680,57289,84,159,153,5,1,0,385,18,361,6,0,0,31,0,19,12,124,215,146,50,9,0,0,1,91,0,0,0,0,0,5,0,0,0,0,0,0,1,86,0,7,74,4,0,2,10,3,0,7,7,61,2,0,8,52
167,Wroclaw,dolnośląskie,29282,293,638586,2181,2417,2372,35,8,2,4675,1477,3068,130,0,0,1456,48,723,685,2127,3388,1326,214,33,2,2,162,933,0,6,0,4,9,79,0,2,0,2,0,2,153,846,0,52,300,1,32,25,206,29,0,70,76,904,6,0,80,402
169,wroclawski,dolnośląskie,111770,1118,141337,126,855,812,38,4,1,1828,271,1496,61,0,0,219,4,167,48,267,1080,1028,257,48,1,2,29,477,0,2,0,1,2,20,0,3,0,2,0,2,27,453,0,39,178,1,4,34,31,8,0,18,12,517,1,0,16,234
2726,wrzesinski,wielkopolskie,70357,704,77361,110,222,211,10,1,0,445,31,408,6,0,0,60,1,30,29,124,246,226,60,10,0,1,12,121,0,1,0,1,0,6,0,0,0,0,0,0,12,114,0,12,36,5,3,6,6,0,0,6,12,146,0,0,11,71
668,wschowski,lubuskie,62420,624,39196,63,165,154,10,1,0,540,79,459,2,0,0,34,1,27,6,63,234,248,117,39,4,0,8,55,0,0,0,0,2,1,0,0,0,0,0,0,6,54,1,1,75,4,1,16,10,0,0,5,0,70,0,0,9,50
1859,wysokomazowiecki,podlaskie,128891,1289,57516,45,196,182,13,1,0,502,31,465,6,0,0,7,1,5,1,84,234,240,105,33,1,1,8,148,0,0,0,0,0,6,0,0,0,2,0,1,8,140,1,23,152,8,0,7,3,0,0,34,1,133,3,0,6,64
1444,wyszkowski,mazowieckie,87643,876,74020,84,427,403,23,1,0,582,27,546,9,0,0,115,1,96,18,157,337,348,141,26,0,0,15,200,0,0,0,0,1,6,0,0,0,0,0,0,14,194,0,17,85,9,6,12,7,2,0,37,15,271,2,0,10,71
179,zabkowicki,dolnośląskie,80153,802,66009,82,482,461,16,5,0,706,162,517,27,0,0,113,6,92,15,202,431,392,139,23,1,0,15,208,0,1,0,1,0,9,0,0,0,4,0,2,15,194,0,13,71,2,1,45,19,2,0,9,3,147,1,1,5,111
2193,Zabrze,śląskie,8040,80,174349,2169,860,857,3,0,0,1306,172,1102,32,0,0,284,6,178,100,659,1048,368,82,9,0,0,13,241,0,2,0,2,4,27,0,2,0,1,0,1,9,211,0,23,158,1,0,12,126,1,0,8,31,268,4,0,3,84
685,zaganski,lubuskie,113182,1132,80114,71,625,598,22,5,0,757,139,616,1,1,0,98,0,81,17,250,534,418,140,34,4,2,12,142,0,1,0,1,1,8,0,3,0,0,0,0,11,133,1,15,79,3,0,8,28,12,0,8,2,148,0,1,7,78
1870,zambrowski,podlaskie,73312,733,44027,60,165,153,11,1,0,405,50,353,2,0,0,21,0,13,8,147,161,149,85,27,1,0,8,95,0,0,0,0,1,7,0,0,0,0,0,0,7,88,0,4,75,4,3,52,5,0,0,13,5,101,0,0,5,19
590,zamojski,lubelskie,187029,1870,107565,58,324,299,25,0,0,664,78,581,5,0,0,16,1,11,4,30,326,449,157,23,2,1,12,186,0,2,0,1,0,7,0,0,0,1,0,0,12,176,0,21,123,1,1,20,22,0,0,18,13,157,3,0,16,61
606,Zamosc,lubelskie,3034,30,64354,2121,111,109,2,0,0,336,47,288,1,0,0,44,0,11,33,122,218,84,23,0,0,0,1,112,0,1,0,1,0,12,0,2,0,2,0,0,1,97,0,6,57,1,0,3,10,0,0,9,4,87,0,0,1,33
695,zarski,lubuskie,139278,1393,97487,70,792,753,34,5,0,701,107,591,3,0,0,89,1,68,20,283,516,441,196,54,3,0,12,140,0,0,0,0,1,11,0,0,0,1,0,0,11,128,0,16,149,4,1,5,19,0,0,1,3,132,1,0,5,36
2195,zawiercianski,śląskie,100223,1003,119101,119,639,608,28,3,0,961,127,813,21,0,0,180,21,100,59,286,585,500,174,49,6,0,23,236,0,1,0,1,7,19,0,1,0,1,0,0,16,215,0,11,118,1,0,10,31,3,0,10,23,223,1,0,11,82
893,zdunskowolski,łódzkie,36923,369,67049,182,143,133,8,1,1,714,64,646,4,0,0,35,1,30,4,207,388,200,46,16,0,0,8,132,0,0,0,0,0,5,0,0,0,0,0,0,8,127,0,14,50,6,1,18,23,0,0,18,6,109,2,0,1,63
898,zgierski,łódzkie,85518,855,165606,194,646,620,19,5,2,1922,203,1692,26,1,0,134,5,97,32,467,1088,774,188,47,3,1,38,580,0,6,0,4,6,38,0,2,0,4,0,3,32,532,0,37,199,3,7,74,23,1,0,15,14,358,5,0,7,200
187,zgorzelecki,dolnośląskie,83860,839,90584,108,1426,1362,61,3,0,903,192,697,14,0,0,133,3,115,15,428,961,643,244,47,5,1,18,249,0,0,0,0,1,19,0,2,0,2,0,2,17,228,0,8,143,4,1,7,35,7,0,17,12,196,2,0,21,146
672,Zielona Gora,lubuskie,27832,277,139819,502,440,427,11,1,1,849,218,626,5,0,0,143,5,100,38,490,492,229,52,23,3,0,5,100,0,0,0,0,2,9,0,1,0,0,0,0,3,91,0,4,89,1,0,3,27,3,0,19,13,183,0,0,4,89
674,zielonogorski,lubuskie,134975,1350,75558,56,618,588,27,3,0,581,85,493,3,0,0,58,2,52,4,120,441,454,140,43,1,0,7,153,0,0,0,0,0,9,0,0,0,1,0,1,7,143,0,9,96,4,0,2,7,2,0,8,5,164,0,0,13,96
195,zlotoryjski,dolnośląskie,57581,576,44126,77,287,274,11,1,1,390,73,295,21,1,0,43,2,37,4,97,262,227,78,11,2,0,8,98,0,0,0,0,0,8,0,0,0,0,0,0,8,90,0,6,101,0,2,10,16,0,0,8,1,82,0,0,4,35
2732,zlotowski,wielkopolskie,166017,1660,69780,42,252,233,17,1,1,854,29,801,24,0,0,23,0,20,3,128,417,405,126,23,6,1,22,153,0,3,0,2,0,4,0,0,0,4,0,1,22,142,0,15,126,15,12,101,7,0,0,6,19,117,1,0,2,80
363,zninski,kujawsko-pomorskie,98477,985,70534,72,227,210,15,1,1,801,118,679,4,0,0,60,4,39,17,156,332,334,147,56,2,1,5,138,0,0,0,0,1,6,0,0,0,0,0,0,4,132,0,12,194,1,3,24,3,0,0,24,9,183,0,0,6,51
2206,Zory,śląskie,6464,65,62243,963,161,158,2,0,1,488,61,420,6,1,0,133,1,74,58,129,304,161,32,15,2,6,2,109,0,1,0,1,0,5,0,1,0,2,0,1,2,101,0,20,36,1,0,19,45,2,0,4,22,111,0,0,4,48
1457,zurominski,mazowieckie,80660,807,39263,49,138,127,6,3,2,367,31,334,2,0,0,20,0,18,2,62,167,189,65,18,3,1,3,56,0,0,0,0,0,4,0,0,0,2,0,0,3,50,0,7,48,1,1,33,3,0,0,6,9,55,0,0,4,27
1451,zwolenski,mazowieckie,57330,573,36606,64,80,73,7,0,0,377,16,357,4,0,0,21,1,14,6,52,168,163,57,14,2,1,7,99,0,0,0,0,1,3,0,0,0,0,0,0,6,96,0,10,39,2,0,26,3,1,0,2,5,100,0,0,1,57
1464,zyrardowski,mazowieckie,53254,533,76056,143,480,460,18,2,0,678,100,573,5,0,0,110,1,76,33,233,472,327,101,25,0,0,13,158,0,0,0,0,1,7,0,2,0,1,0,0,12,150,0,15,51,2,0,10,10,0,0,4,7,203,2,0,5,80
2208,zywiecki,śląskie,104006,1040,153187,147,462,435,26,0,1,985,107,846,32,0,0,101,3,88,10,251,566,434,128,59,1,8,10,298,0,7,0,5,3,14,0,0,0,1,0,1,7,276,0,33,230,23,14,51,16,7,0,27,12,288,2,1,40,104
